Collision altitude [m],#Fragments [-],T_0 [days],SC Altitude Offset [m],Target Fraction [-],FoV [deg],Range [m],Incidence Angle [deg],Ablation Time [s],Scan Time [s],Cooldown Time [s],Fluence [J/m^2],Removal Altitude [m],Time Required [days],Fraction removed [-]
789000,100000,5,30000,0.5,38.44,300000,20,70,5,70,8500,340000,79.29635417,0.500021653
789000,100000,5,30000,0.5,38.44,300000,20,60,5,70,8500,340000,71.72332176,0.500021653
789000,100000,5,30000,0.5,38.44,300000,20,50,5,70,8500,340000,70.0625,0.500021653
789000,100000,5,30000,0.5,38.44,300000,20,40,5,70,8500,340000,77.02633102,0.500021653
789000,100000,5,30000,0.5,38.44,300000,20,30,5,70,8500,340000,580.7763889,0.500021653
789000.0,100000.0,5.0,30000.0,0.5,38.43999999999999,250000.0,20.0,70.0,5.0,70.0,8500.0,340000.0,724.9993055555556,0.4745571867827292
789000.0,100000.0,5.0,30000.0,0.5,38.43999999999999,250000.0,20.0,60.0,5.0,70.0,8500.0,340000.0,724.9994791666667,0.48495084665021004
789000.0,100000.0,5.0,30000.0,0.5,38.43999999999999,250000.0,20.0,50.0,5.0,70.0,8500.0,340000.0,724.9993634259259,0.490883894157897
789000.0,100000.0,5.0,30000.0,0.5,38.43999999999999,300000.0,20.0,80.0,5.0,70.0,8500.0,340000.0,100.79739583333334,0.5000216534580573
789000.0,100000.0,5.0,30000.0,0.5,38.43999999999999,250000.0,20.0,80.0,5.0,70.0,8500.0,340000.0,724.9997106481482,0.4629942401801568
789000.0,100000.0,5.0,30000.0,0.5,38.43999999999999,200000.0,20.0,50.0,5.0,70.0,8500.0,340000.0,724.9994791666667,0.41808496816941665
789000.0,100000.0,5.0,30000.0,0.5,38.43999999999999,300000.0,20.0,90.0,5.0,70.0,8500.0,340000.0,574.3394675925925,0.5000216534580573
789000.0,100000.0,5.0,30000.0,0.5,38.43999999999999,300000.0,20.0,85.0,5.0,70.0,8500.0,340000.0,175.39085648148148,0.5000216534580573
789000.0,100000.0,5.0,30000.0,0.5,38.43999999999999,300000.0,20.0,35.0,5.0,70.0,8500.0,340000.0,119.92673611111111,0.5000216534580573
789000.0,100000.0,5.0,30000.0,0.5,38.43999999999999,290000.0,20.0,85.0,5.0,70.0,8500.0,340000.0,645.084837962963,0.5000216534580573
789000.0,100000.0,5.0,30000.0,0.5,38.43999999999999,290000.0,20.0,80.0,5.0,70.0,8500.0,340000.0,243.4912037037037,0.5000216534580573
789000.0,100000.0,5.0,30000.0,0.5,38.43999999999999,290000.0,20.0,70.0,5.0,70.0,8500.0,340000.0,105.48101851851852,0.5000216534580573
789000.0,100000.0,5.0,30000.0,0.5,38.43999999999999,290000.0,20.0,60.0,5.0,70.0,8500.0,340000.0,81.06666666666666,0.5000216534580573
789000.0,100000.0,5.0,30000.0,0.5,38.43999999999999,290000.0,20.0,50.0,5.0,70.0,8500.0,340000.0,78.1546875,0.5000216534580573
789000.0,100000.0,5.0,30000.0,0.5,38.43999999999999,290000.0,20.0,40.0,5.0,70.0,8500.0,340000.0,95.6619212962963,0.5000216534580573
789000.0,100000.0,5.0,30000.0,0.5,38.43999999999999,290000.0,20.0,35.0,5.0,70.0,8500.0,340000.0,224.23391203703704,0.5000216534580573
789000.0,100000.0,5.0,30000.0,0.5,38.43999999999999,280000.0,20.0,80.0,5.0,70.0,8500.0,340000.0,693.4590277777778,0.5000216534580573
789000.0,100000.0,5.0,30000.0,0.5,38.43999999999999,280000.0,20.0,70.0,5.0,70.0,8500.0,340000.0,288.279224537037,0.5000216534580573
789000.0,100000.0,5.0,30000.0,0.5,38.43999999999999,280000.0,20.0,60.0,5.0,70.0,8500.0,340000.0,109.14184027777777,0.5000216534580573
789000.0,100000.0,5.0,30000.0,0.5,38.43999999999999,280000.0,20.0,50.0,5.0,70.0,8500.0,340000.0,103.63587962962963,0.5000216534580573
789000.0,100000.0,5.0,30000.0,0.5,38.43999999999999,280000.0,20.0,40.0,5.0,70.0,8500.0,340000.0,156.15734953703705,0.5000216534580573
789000.0,100000.0,5.0,30000.0,0.5,38.43999999999999,270000.0,20.0,75.0,5.0,70.0,8500.0,340000.0,724.9998842592593,0.49374215062145427
789000.0,100000.0,5.0,30000.0,0.5,38.43999999999999,270000.0,20.0,70.0,5.0,70.0,8500.0,340000.0,719.8654513888889,0.5000216534580573
789000.0,100000.0,5.0,30000.0,0.5,38.43999999999999,270000.0,20.0,60.0,5.0,70.0,8500.0,340000.0,481.92233796296296,0.5000216534580573
789000.0,100000.0,5.0,30000.0,0.5,38.43999999999999,270000.0,20.0,50.0,5.0,70.0,8500.0,340000.0,286.2829861111111,0.5000216534580573
789000.0,100000.0,5.0,30000.0,0.5,38.43999999999999,270000.0,20.0,45.0,5.0,70.0,8500.0,340000.0,373.7189814814815,0.5000216534580573
789000.0,100000.0,5.0,30000.0,0.5,38.43999999999999,260000.0,20.0,70.0,5.0,70.0,8500.0,340000.0,724.9999421296296,0.48802563769433976
789000.0,100000.0,5.0,30000.0,0.5,38.43999999999999,260000.0,20.0,65.0,5.0,70.0,8500.0,340000.0,724.9998842592593,0.49387207136979777
789000.0,100000.0,5.0,30000.0,0.5,38.43999999999999,300000.0,20.0,87.5,5.0,70.0,8500.0,340000.0,341.2252025462963,0.5000216534580573
789000.0,100000.0,5.0,30000.0,0.5,38.43999999999999,300000.0,20.0,32.5,5.0,70.0,8500.0,340000.0,349.3878472222222,0.5000216534580573
789000.0,100000.0,5.0,30000.0,0.5,38.43999999999999,295000.0,20.0,90.0,5.0,70.0,8500.0,340000.0,666.5855324074074,0.5000216534580573
789000.0,100000.0,5.0,30000.0,0.5,38.43999999999999,295000.0,20.0,87.5,5.0,70.0,8500.0,340000.0,594.0933449074074,0.5000216534580573
789000.0,100000.0,5.0,30000.0,0.5,38.43999999999999,295000.0,20.0,85.0,5.0,70.0,8500.0,340000.0,472.57743055555557,0.5000216534580573
789000.0,100000.0,5.0,30000.0,0.5,38.43999999999999,295000.0,20.0,35.0,5.0,70.0,8500.0,340000.0,148.64837962962963,0.5000216534580573
789000.0,100000.0,5.0,30000.0,0.5,38.43999999999999,295000.0,20.0,32.5,5.0,70.0,8500.0,340000.0,456.65911458333335,0.5000216534580573
789000.0,100000.0,5.0,30000.0,0.5,38.43999999999999,295000.0,20.0,30.0,5.0,70.0,8500.0,340000.0,615.8950810185186,0.5000216534580573
789000.0,100000.0,5.0,30000.0,0.5,38.43999999999999,290000.0,20.0,87.5,5.0,70.0,8500.0,340000.0,709.7692129629629,0.5000216534580573
789000.0,100000.0,5.0,30000.0,0.5,38.43999999999999,300000.0,20.0,27.5,5.0,70.0,8500.0,340000.0,720.1157986111111,0.5000216534580573
789000.0,100000.0,5.0,30000.0,0.5,38.43999999999999,295000.0,20.0,80.0,5.0,70.0,8500.0,340000.0,135.22175925925927,0.5000216534580573
789000.0,100000.0,5.0,30000.0,0.5,38.43999999999999,295000.0,20.0,70.0,5.0,70.0,8500.0,340000.0,85.45983796296296,0.5000216534580573
789000.0,100000.0,5.0,30000.0,0.5,38.43999999999999,295000.0,20.0,60.0,5.0,70.0,8500.0,340000.0,76.37442129629629,0.5000216534580573
789000.0,100000.0,5.0,30000.0,0.5,38.43999999999999,295000.0,20.0,50.0,5.0,70.0,8500.0,340000.0,73.4353587962963,0.5000216534580573
789000.0,100000.0,5.0,30000.0,0.5,38.43999999999999,295000.0,20.0,40.0,5.0,70.0,8500.0,340000.0,84.03778935185186,0.5000216534580573
789000.0,100000.0,5.0,30000.0,0.5,38.43999999999999,290000.0,20.0,32.5,5.0,70.0,8500.0,340000.0,534.8275462962963,0.5000216534580573
789000.0,100000.0,5.0,30000.0,0.5,38.43999999999999,290000.0,20.0,30.0,5.0,70.0,8500.0,340000.0,654.1236689814815,0.5000216534580573
789000.0,100000.0,5.0,30000.0,0.5,38.43999999999999,285000.0,20.0,85.0,5.0,70.0,8500.0,340000.0,724.9989583333333,0.4994153566324542
789000.0,100000.0,5.0,30000.0,0.5,38.43999999999999,285000.0,20.0,82.5,5.0,70.0,8500.0,340000.0,708.8344618055555,0.5000216534580573
789000.0,100000.0,5.0,30000.0,0.5,38.43999999999999,285000.0,20.0,80.0,5.0,70.0,8500.0,340000.0,561.0992476851852,0.5000216534580573
789000.0,100000.0,5.0,30000.0,0.5,38.43999999999999,285000.0,20.0,70.0,5.0,70.0,8500.0,340000.0,134.28055555555557,0.5000216534580573
789000.0,100000.0,5.0,30000.0,0.5,38.43999999999999,285000.0,20.0,60.0,5.0,70.0,8500.0,340000.0,90.62326388888889,0.5000216534580573
789000.0,100000.0,5.0,30000.0,0.5,38.43999999999999,285000.0,20.0,50.0,5.0,70.0,8500.0,340000.0,85.99739583333333,0.5000216534580573
789000.0,100000.0,5.0,30000.0,0.5,38.43999999999999,285000.0,20.0,40.0,5.0,70.0,8500.0,340000.0,119.89901620370371,0.5000216534580573
789000.0,100000.0,5.0,30000.0,0.5,38.43999999999999,285000.0,20.0,37.5,5.0,70.0,8500.0,340000.0,203.9110821759259,0.5000216534580573
789000.0,100000.0,5.0,30000.0,0.5,38.43999999999999,285000.0,20.0,35.0,5.0,70.0,8500.0,340000.0,445.0722222222222,0.5000216534580573
789000.0,100000.0,5.0,30000.0,0.5,38.43999999999999,285000.0,20.0,32.5,5.0,70.0,8500.0,340000.0,606.5354166666667,0.5000216534580573
789000.0,100000.0,5.0,30000.0,0.5,38.43999999999999,280000.0,20.0,85.0,5.0,70.0,8500.0,340000.0,724.9993055555556,0.49239963622190464
789000.0,100000.0,5.0,30000.0,0.5,38.43999999999999,280000.0,20.0,82.5,5.0,70.0,8500.0,340000.0,724.9994791666667,0.4957342687627214
789000.0,100000.0,5.0,30000.0,0.5,38.43999999999999,280000.0,20.0,37.5,5.0,70.0,8500.0,340000.0,439.2451388888889,0.5000216534580573
789000.0,100000.0,5.0,30000.0,0.5,38.43999999999999,280000.0,20.0,35.0,5.0,70.0,8500.0,340000.0,553.5986111111112,0.5000216534580573
789000.0,100000.0,5.0,30000.0,0.5,38.43999999999999,270000.0,20.0,82.5,5.0,70.0,8500.0,340000.0,724.9994791666667,0.4822225109349963
789000.0,100000.0,5.0,30000.0,0.5,38.43999999999999,270000.0,20.0,80.0,5.0,70.0,8500.0,340000.0,724.9991898148148,0.48863193451994286
789000.0,100000.0,5.0,30000.0,0.5,38.43999999999999,270000.0,20.0,77.5,5.0,70.0,8500.0,340000.0,724.9999421296296,0.4895413797583474
789000.0,100000.0,5.0,30000.0,0.5,38.43999999999999,270000.0,20.0,42.5,5.0,70.0,8500.0,340000.0,463.1325810185185,0.5000216534580573
789000.0,100000.0,5.0,30000.0,0.5,38.43999999999999,270000.0,20.0,40.0,5.0,70.0,8500.0,340000.0,513.7925925925925,0.5000216534580573
789000.0,100000.0,5.0,30000.0,0.5,38.43999999999999,270000.0,20.0,37.5,5.0,70.0,8500.0,340000.0,622.7502604166667,0.5000216534580573
789000.0,100000.0,5.0,30000.0,0.5,38.43999999999999,260000.0,20.0,77.5,5.0,70.0,8500.0,340000.0,724.9998263888889,0.4778485124074315
789000.0,100000.0,5.0,30000.0,0.5,38.43999999999999,260000.0,20.0,75.0,5.0,70.0,8500.0,340000.0,724.9996527777778,0.4815729071932788
789000.0,100000.0,5.0,30000.0,0.5,38.43999999999999,260000.0,20.0,72.5,5.0,70.0,8500.0,340000.0,724.9998842592593,0.48404140141180546
789000.0,100000.0,5.0,30000.0,0.5,38.43999999999999,260000.0,20.0,60.0,5.0,70.0,8500.0,340000.0,724.9993634259259,0.49906890130353815
789000.0,100000.0,5.0,30000.0,0.5,38.43999999999999,260000.0,20.0,55.0,5.0,70.0,8500.0,340000.0,708.332175925926,0.5000216534580573
789000.0,100000.0,5.0,30000.0,0.5,38.43999999999999,260000.0,20.0,50.0,5.0,70.0,8500.0,340000.0,664.2039351851852,0.5000216534580573
789000.0,100000.0,5.0,30000.0,0.5,38.43999999999999,260000.0,20.0,47.5,5.0,70.0,8500.0,340000.0,656.7549479166667,0.5000216534580573
789000.0,100000.0,5.0,30000.0,0.5,38.43999999999999,260000.0,20.0,45.0,5.0,70.0,8500.0,340000.0,661.3903935185185,0.5000216534580573
789000.0,100000.0,5.0,30000.0,0.5,38.43999999999999,260000.0,20.0,42.5,5.0,70.0,8500.0,340000.0,680.5333622685185,0.5000216534580573
789000.0,100000.0,5.0,30000.0,0.5,38.43999999999999,250000.0,20.0,75.0,5.0,70.0,8500.0,340000.0,724.9990740740741,0.4687540600233857
789000.0,100000.0,5.0,30000.0,0.5,38.43999999999999,250000.0,20.0,72.5,5.0,70.0,8500.0,340000.0,724.999537037037,0.47161231648694296
789000.0,100000.0,5.0,30000.0,0.5,38.43999999999999,250000.0,20.0,65.0,5.0,70.0,8500.0,340000.0,724.9998842592593,0.4810099172837902
789000.0,100000.0,5.0,30000.0,0.5,38.43999999999999,250000.0,20.0,55.0,5.0,70.0,8500.0,340000.0,724.9998842592593,0.4881122515265688
789000.0,100000.0,5.0,30000.0,0.5,38.43999999999999,250000.0,20.0,52.5,5.0,70.0,8500.0,340000.0,724.9999131944444,0.4897579143389199
789000.0,100000.0,5.0,30000.0,0.5,38.43999999999999,250000.0,20.0,47.5,5.0,70.0,8500.0,340000.0,724.9998842592593,0.49175003248018706
789000.0,100000.0,5.0,30000.0,0.5,38.43999999999999,250000.0,20.0,45.0,5.0,70.0,8500.0,340000.0,724.999537037037,0.49274609155082066
789000.0,100000.0,5.0,30000.0,0.5,38.43999999999999,290000.0,20.0,27.5,5.0,70.0,8500.0,340000.0,724.9998842592593,0.4934823091247672
789000.0,100000.0,5.0,30000.0,0.5,38.43999999999999,285000.0,20.0,30.0,5.0,70.0,8500.0,340000.0,713.4494791666667,0.5000216534580573
789000.0,100000.0,5.0,30000.0,0.5,38.43999999999999,280000.0,20.0,32.5,5.0,70.0,8500.0,340000.0,680.0629918981482,0.5000216534580573
789000.0,100000.0,5.0,30000.0,0.5,38.43999999999999,270000.0,20.0,35.0,5.0,70.0,8500.0,340000.0,692.0276620370371,0.5000216534580573
789000.0,100000.0,5.0,30000.0,0.5,38.43999999999999,260000.0,20.0,40.0,5.0,70.0,8500.0,340000.0,697.1331597222222,0.5000216534580573
789000.0,100000.0,5.0,30000.0,0.5,38.43999999999999,250000.0,20.0,42.5,5.0,70.0,8500.0,340000.0,724.9999710648148,0.49019098350006496
789000.0,100000.0,5.0,30000.0,0.5,38.43999999999999,300000.0,20.0,75.0,5.0,70.0,8500.0,340000.0,92.01018518518518,0.5000216534580573
789000.0,100000.0,5.0,30000.0,0.5,38.43999999999999,300000.0,20.0,65.0,5.0,70.0,8500.0,340000.0,73.47569444444444,0.5000216534580573
789000.0,100000.0,5.0,30000.0,0.5,38.43999999999999,300000.0,20.0,55.0,5.0,70.0,8500.0,340000.0,71.11296296296297,0.5000216534580573
789000.0,100000.0,5.0,30000.0,0.5,38.43999999999999,300000.0,20.0,45.0,5.0,70.0,8500.0,340000.0,72.40659722222222,0.5000216534580573
789000.0,100000.0,5.0,30000.0,0.5,38.43999999999999,295000.0,20.0,75.0,5.0,70.0,8500.0,340000.0,113.97824074074074,0.5000216534580573
789000.0,100000.0,5.0,30000.0,0.5,38.43999999999999,295000.0,20.0,65.0,5.0,70.0,8500.0,340000.0,78.3400462962963,0.5000216534580573
789000.0,100000.0,5.0,30000.0,0.5,38.43999999999999,295000.0,20.0,55.0,5.0,70.0,8500.0,340000.0,74.93530092592593,0.5000216534580573
789000.0,100000.0,5.0,30000.0,0.5,38.43999999999999,295000.0,20.0,45.0,5.0,70.0,8500.0,340000.0,76.48125,0.5000216534580573
789000.0,100000.0,5.0,30000.0,0.5,38.43999999999999,290000.0,20.0,65.0,5.0,70.0,8500.0,340000.0,86.65335648148148,0.5000216534580573
789000.0,100000.0,5.0,30000.0,0.5,38.43999999999999,290000.0,20.0,55.0,5.0,70.0,8500.0,340000.0,79.88668981481482,0.5000216534580573
789000.0,100000.0,5.0,30000.0,0.5,38.43999999999999,290000.0,20.0,45.0,5.0,70.0,8500.0,340000.0,82.43796296296296,0.5000216534580573
789000.0,100000.0,5.0,30000.0,0.5,38.43999999999999,285000.0,20.0,77.5,5.0,70.0,8500.0,340000.0,574.419068287037,0.5000216534580573
789000.0,100000.0,5.0,30000.0,0.5,38.43999999999999,285000.0,20.0,75.0,5.0,70.0,8500.0,340000.0,232.2216435185185,0.5000216534580573
789000.0,100000.0,5.0,30000.0,0.5,38.43999999999999,285000.0,20.0,65.0,5.0,70.0,8500.0,340000.0,103.20138888888889,0.5000216534580573
789000.0,100000.0,5.0,30000.0,0.5,38.43999999999999,285000.0,20.0,55.0,5.0,70.0,8500.0,340000.0,87.07210648148148,0.5000216534580573
789000.0,100000.0,5.0,30000.0,0.5,38.43999999999999,285000.0,20.0,45.0,5.0,70.0,8500.0,340000.0,92.87824074074074,0.5000216534580573
789000.0,100000.0,5.0,30000.0,0.5,38.43999999999999,280000.0,20.0,77.5,5.0,70.0,8500.0,340000.0,683.6143229166667,0.5000216534580573
789000.0,100000.0,5.0,30000.0,0.5,38.43999999999999,280000.0,20.0,75.0,5.0,70.0,8500.0,340000.0,638.4876157407407,0.5000216534580573
789000.0,100000.0,5.0,30000.0,0.5,38.43999999999999,280000.0,20.0,65.0,5.0,70.0,8500.0,340000.0,135.62581018518517,0.5000216534580573
789000.0,100000.0,5.0,30000.0,0.5,38.43999999999999,280000.0,20.0,55.0,5.0,70.0,8500.0,340000.0,109.24456018518518,0.5000216534580573
789000.0,100000.0,5.0,30000.0,0.5,38.43999999999999,280000.0,20.0,45.0,5.0,70.0,8500.0,340000.0,116.66273148148149,0.5000216534580573
789000.0,100000.0,5.0,30000.0,0.5,38.43999999999999,275000.0,20.0,82.5,5.0,70.0,8500.0,340000.0,724.9992766203703,0.4888484691005153
789000.0,100000.0,5.0,30000.0,0.5,38.43999999999999,275000.0,20.0,80.0,5.0,70.0,8500.0,340000.0,724.9995949074074,0.4942618336148283
789000.0,100000.0,5.0,30000.0,0.5,38.43999999999999,275000.0,20.0,77.5,5.0,70.0,8500.0,340000.0,724.9991030092592,0.4956476549304924
789000.0,100000.0,5.0,30000.0,0.5,38.43999999999999,275000.0,20.0,75.0,5.0,70.0,8500.0,340000.0,724.999537037037,0.49967519812914124
789000.0,100000.0,5.0,30000.0,0.5,38.43999999999999,275000.0,20.0,70.0,5.0,70.0,8500.0,340000.0,628.4602430555556,0.5000216534580573
789000.0,100000.0,5.0,30000.0,0.5,38.43999999999999,275000.0,20.0,65.0,5.0,70.0,8500.0,340000.0,287.92199074074074,0.5000216534580573
789000.0,100000.0,5.0,30000.0,0.5,38.43999999999999,275000.0,20.0,60.0,5.0,70.0,8500.0,340000.0,145.85133101851852,0.5000216534580573
789000.0,100000.0,5.0,30000.0,0.5,38.43999999999999,275000.0,20.0,55.0,5.0,70.0,8500.0,340000.0,144.40775462962964,0.5000216534580573
789000.0,100000.0,5.0,30000.0,0.5,38.43999999999999,275000.0,20.0,50.0,5.0,70.0,8500.0,340000.0,127.4957175925926,0.5000216534580573
789000.0,100000.0,5.0,30000.0,0.5,38.43999999999999,275000.0,20.0,45.0,5.0,70.0,8500.0,340000.0,141.7548611111111,0.5000216534580573
789000.0,100000.0,5.0,30000.0,0.5,38.43999999999999,275000.0,20.0,42.5,5.0,70.0,8500.0,340000.0,164.93098958333334,0.5000216534580573
789000.0,100000.0,5.0,30000.0,0.5,38.43999999999999,275000.0,20.0,40.0,5.0,70.0,8500.0,340000.0,326.80162037037036,0.5000216534580573
789000.0,100000.0,5.0,30000.0,0.5,38.43999999999999,275000.0,20.0,37.5,5.0,70.0,8500.0,340000.0,540.2433159722223,0.5000216534580573
789000.0,100000.0,5.0,30000.0,0.5,38.43999999999999,275000.0,20.0,35.0,5.0,70.0,8500.0,340000.0,630.3756944444444,0.5000216534580573
789000.0,100000.0,5.0,30000.0,0.5,38.43999999999999,300000.0,20.0,25.0,5.0,70.0,8500.0,340000.0,724.9997685185185,0.48239573859945434
789000.0,100000.0,5.0,30000.0,0.5,38.43999999999999,290000.0,20.0,90.0,5.0,70.0,8500.0,340000.0,724.9997106481482,0.4978130007362176
789000.0,100000.0,5.0,30000.0,0.5,38.43999999999999,290000.0,20.0,25.0,5.0,70.0,8500.0,340000.0,724.9997685185185,0.4752934043566758
789000.0,100000.0,5.0,30000.0,0.5,38.43999999999999,285000.0,20.0,90.0,5.0,70.0,8500.0,340000.0,724.9992476851852,0.4919232601446451
789000.0,100000.0,5.0,30000.0,0.5,38.43999999999999,285000.0,20.0,25.0,5.0,70.0,8500.0,340000.0,724.9997685185185,0.47135247499025595
789000.0,100000.0,5.0,30000.0,0.5,38.43999999999999,280000.0,20.0,90.0,5.0,70.0,8500.0,340000.0,724.9994791666667,0.4865532025464467
789000.0,100000.0,5.0,30000.0,0.5,38.43999999999999,280000.0,20.0,30.0,5.0,70.0,8500.0,340000.0,724.9998842592593,0.4946515958598588
789000.0,100000.0,5.0,30000.0,0.5,38.43999999999999,280000.0,20.0,25.0,5.0,70.0,8500.0,340000.0,724.9998842592593,0.4670650902949201
789000.0,100000.0,5.0,30000.0,0.5,38.43999999999999,275000.0,20.0,90.0,5.0,70.0,8500.0,340000.0,724.9996527777778,0.48018708587761466
789000.0,100000.0,5.0,30000.0,0.5,38.43999999999999,275000.0,20.0,85.0,5.0,70.0,8500.0,340000.0,724.9994212962963,0.4867697371270192
789000.0,100000.0,5.0,30000.0,0.5,38.43999999999999,275000.0,20.0,30.0,5.0,70.0,8500.0,340000.0,724.9998842592593,0.490537438828981
789000.0,100000.0,5.0,30000.0,0.5,38.43999999999999,275000.0,20.0,25.0,5.0,70.0,8500.0,340000.0,724.9998842592593,0.46264778485124075
789000.0,100000.0,5.0,30000.0,0.5,38.43999999999999,270000.0,20.0,90.0,5.0,70.0,8500.0,340000.0,724.998900462963,0.4747304144471872
789000.0,100000.0,5.0,30000.0,0.5,38.43999999999999,270000.0,20.0,85.0,5.0,70.0,8500.0,340000.0,724.9997685185185,0.4810099172837902
789000.0,100000.0,5.0,30000.0,0.5,38.43999999999999,270000.0,20.0,65.0,5.0,70.0,8500.0,340000.0,629.8258101851852,0.5000216534580573
789000.0,100000.0,5.0,30000.0,0.5,38.43999999999999,270000.0,20.0,55.0,5.0,70.0,8500.0,340000.0,327.6085648148148,0.5000216534580573
789000.0,100000.0,5.0,30000.0,0.5,38.43999999999999,270000.0,20.0,30.0,5.0,70.0,8500.0,340000.0,724.9998842592593,0.48508076739855355
789000.0,100000.0,5.0,30000.0,0.5,38.43999999999999,270000.0,20.0,25.0,5.0,70.0,8500.0,340000.0,724.9998842592593,0.45792733099475985
789000.0,100000.0,5.0,30000.0,0.5,38.43999999999999,265000.0,20.0,90.0,5.0,70.0,8500.0,340000.0,724.999537037037,0.46897059460395824
789000.0,100000.0,5.0,30000.0,0.5,38.43999999999999,265000.0,20.0,85.0,5.0,70.0,8500.0,340000.0,724.9996527777778,0.4747737213633017
789000.0,100000.0,5.0,30000.0,0.5,38.43999999999999,265000.0,20.0,80.0,5.0,70.0,8500.0,340000.0,724.9993055555556,0.48235243168333986
789000.0,100000.0,5.0,30000.0,0.5,38.43999999999999,265000.0,20.0,77.5,5.0,70.0,8500.0,340000.0,724.999855324074,0.48391148066346196
789000.0,100000.0,5.0,30000.0,0.5,38.43999999999999,265000.0,20.0,75.0,5.0,70.0,8500.0,340000.0,724.9998842592593,0.4879390238621108
789000.0,100000.0,5.0,30000.0,0.5,38.43999999999999,265000.0,20.0,72.5,5.0,70.0,8500.0,340000.0,724.9993634259259,0.49110042873846954
789000.0,100000.0,5.0,30000.0,0.5,38.43999999999999,265000.0,20.0,70.0,5.0,70.0,8500.0,340000.0,724.9997106481482,0.49456498202762983
789000.0,100000.0,5.0,30000.0,0.5,38.43999999999999,265000.0,20.0,65.0,5.0,70.0,8500.0,340000.0,707.459375,0.5000216534580573
789000.0,100000.0,5.0,30000.0,0.5,38.43999999999999,265000.0,20.0,60.0,5.0,70.0,8500.0,340000.0,639.7987847222222,0.5000216534580573
789000.0,100000.0,5.0,30000.0,0.5,38.43999999999999,265000.0,20.0,55.0,5.0,70.0,8500.0,340000.0,578.730324074074,0.5000216534580573
789000.0,100000.0,5.0,30000.0,0.5,38.43999999999999,265000.0,20.0,50.0,5.0,70.0,8500.0,340000.0,535.2545138888889,0.5000216534580573
789000.0,100000.0,5.0,30000.0,0.5,38.43999999999999,265000.0,20.0,47.5,5.0,70.0,8500.0,340000.0,520.1741319444444,0.5000216534580573
789000.0,100000.0,5.0,30000.0,0.5,38.43999999999999,265000.0,20.0,45.0,5.0,70.0,8500.0,340000.0,553.700462962963,0.5000216534580573
789000.0,100000.0,5.0,30000.0,0.5,38.43999999999999,265000.0,20.0,42.5,5.0,70.0,8500.0,340000.0,581.1234664351852,0.5000216534580573
789000.0,100000.0,5.0,30000.0,0.5,38.43999999999999,295000.0,20.0,27.5,5.0,70.0,8500.0,340000.0,724.9996527777778,0.4978563076523321
789000.0,100000.0,5.0,30000.0,0.5,38.43999999999999,295000.0,20.0,25.0,5.0,70.0,8500.0,340000.0,724.9996527777778,0.4794508683036681
789000.0,100000.0,5.0,30000.0,0.5,38.43999999999999,265000.0,20.0,40.0,5.0,70.0,8500.0,340000.0,613.5691550925926,0.5000216534580573
789000.0,100000.0,5.0,30000.0,0.5,38.43999999999999,265000.0,20.0,35.0,5.0,70.0,8500.0,340000.0,724.9996527777778,0.49789961456844656
789000.0,100000.0,5.0,30000.0,0.5,38.43999999999999,265000.0,20.0,30.0,5.0,70.0,8500.0,340000.0,724.9998842592593,0.47979732363258415
789000.0,100000.0,5.0,30000.0,0.5,38.43999999999999,265000.0,20.0,25.0,5.0,70.0,8500.0,340000.0,724.9998842592593,0.453206877138279
789000.0,100000.0,5.0,30000.0,0.5,38.43999999999999,260000.0,20.0,90.0,5.0,70.0,8500.0,340000.0,724.9993634259259,0.4638603785024468
789000.0,100000.0,5.0,30000.0,0.5,38.43999999999999,260000.0,20.0,85.0,5.0,70.0,8500.0,340000.0,724.9994212962963,0.46918712918453076
789000.0,100000.0,5.0,30000.0,0.5,38.43999999999999,260000.0,20.0,80.0,5.0,70.0,8500.0,340000.0,724.9991319444445,0.47611623576285134
789000.0,100000.0,5.0,30000.0,0.5,38.43999999999999,260000.0,20.0,35.0,5.0,70.0,8500.0,340000.0,724.9997685185185,0.4930492399636222
789000.0,100000.0,5.0,30000.0,0.5,38.43999999999999,260000.0,20.0,30.0,5.0,70.0,8500.0,340000.0,724.9998842592593,0.47520679052444675
789000.0,100000.0,5.0,30000.0,0.5,38.43999999999999,260000.0,20.0,25.0,5.0,70.0,8500.0,340000.0,724.9997685185185,0.44878957169459965
789000.0,100000.0,5.0,30000.0,0.5,38.43999999999999,255000.0,20.0,90.0,5.0,70.0,8500.0,340000.0,724.9998263888889,0.45675804425966826
789000.0,100000.0,5.0,30000.0,0.5,38.43999999999999,255000.0,20.0,85.0,5.0,70.0,8500.0,340000.0,724.9998842592593,0.46152180503226364
789000.0,100000.0,5.0,30000.0,0.5,38.43999999999999,255000.0,20.0,80.0,5.0,70.0,8500.0,340000.0,724.9996527777778,0.4687540600233857
789000.0,100000.0,5.0,30000.0,0.5,38.43999999999999,300000.0,20.0,82.5,5.0,70.0,8500.0,340000.0,135.85853587962964,0.5000216534580573
789000.0,100000.0,5.0,30000.0,0.5,38.43999999999999,300000.0,20.0,77.5,5.0,70.0,8500.0,340000.0,97.68043981481482,0.5000216534580573
789000.0,100000.0,5.0,30000.0,0.5,38.43999999999999,300000.0,20.0,72.5,5.0,70.0,8500.0,340000.0,81.09846643518519,0.5000216534580573
789000.0,100000.0,5.0,30000.0,0.5,38.43999999999999,300000.0,20.0,67.5,5.0,70.0,8500.0,340000.0,77.33472222222223,0.5000216534580573
789000.0,100000.0,5.0,30000.0,0.5,38.43999999999999,300000.0,20.0,62.5,5.0,70.0,8500.0,340000.0,72.61571180555555,0.5000216534580573
789000.0,100000.0,5.0,30000.0,0.5,38.43999999999999,300000.0,20.0,57.5,5.0,70.0,8500.0,340000.0,71.51293402777777,0.5000216534580573
789000.0,100000.0,5.0,30000.0,0.5,38.43999999999999,300000.0,20.0,52.5,5.0,70.0,8500.0,340000.0,69.87372685185186,0.5000216534580573
789000.0,100000.0,5.0,30000.0,0.5,38.43999999999999,300000.0,20.0,47.5,5.0,70.0,8500.0,340000.0,70.70465856481482,0.5000216534580573
789000.0,100000.0,5.0,30000.0,0.5,38.43999999999999,300000.0,20.0,42.5,5.0,70.0,8500.0,340000.0,73.74568865740741,0.5000216534580573
789000.0,100000.0,5.0,30000.0,0.5,38.43999999999999,300000.0,20.0,37.5,5.0,70.0,8500.0,340000.0,89.4480613425926,0.5000216534580573
789000.0,100000.0,5.0,30000.0,0.5,38.43999999999999,295000.0,20.0,82.5,5.0,70.0,8500.0,340000.0,343.1758101851852,0.5000216534580573
789000.0,100000.0,5.0,30000.0,0.5,38.43999999999999,295000.0,20.0,77.5,5.0,70.0,8500.0,340000.0,131.40005787037038,0.5000216534580573
789000.0,100000.0,5.0,30000.0,0.5,38.43999999999999,295000.0,20.0,72.5,5.0,70.0,8500.0,340000.0,94.98446180555555,0.5000216534580573
789000.0,100000.0,5.0,30000.0,0.5,38.43999999999999,295000.0,20.0,67.5,5.0,70.0,8500.0,340000.0,83.74050925925926,0.5000216534580573
789000.0,100000.0,5.0,30000.0,0.5,38.43999999999999,295000.0,20.0,62.5,5.0,70.0,8500.0,340000.0,77.9154224537037,0.5000216534580573
789000.0,100000.0,5.0,30000.0,0.5,38.43999999999999,295000.0,20.0,57.5,5.0,70.0,8500.0,340000.0,75.20732060185185,0.5000216534580573
789000.0,100000.0,5.0,30000.0,0.5,38.43999999999999,295000.0,20.0,52.5,5.0,70.0,8500.0,340000.0,72.8146412037037,0.5000216534580573
789000.0,100000.0,5.0,30000.0,0.5,38.43999999999999,295000.0,20.0,47.5,5.0,70.0,8500.0,340000.0,74.41267361111112,0.5000216534580573
789000.0,100000.0,5.0,30000.0,0.5,38.43999999999999,295000.0,20.0,42.5,5.0,70.0,8500.0,340000.0,78.17494212962963,0.5000216534580573
789000.0,100000.0,5.0,30000.0,0.5,38.43999999999999,295000.0,20.0,37.5,5.0,70.0,8500.0,340000.0,109.1599537037037,0.5000216534580573
789000.0,100000.0,5.0,30000.0,0.5,38.43999999999999,290000.0,20.0,82.5,5.0,70.0,8500.0,340000.0,566.4051215277777,0.5000216534580573
789000.0,100000.0,5.0,30000.0,0.5,38.43999999999999,290000.0,20.0,77.5,5.0,70.0,8500.0,340000.0,184.35431134259258,0.5000216534580573
789000.0,100000.0,5.0,30000.0,0.5,38.43999999999999,290000.0,20.0,75.0,5.0,70.0,8500.0,340000.0,138.22083333333333,0.5000216534580573
789000.0,100000.0,5.0,30000.0,0.5,38.43999999999999,290000.0,20.0,72.5,5.0,70.0,8500.0,340000.0,114.22320601851852,0.5000216534580573
789000.0,100000.0,5.0,30000.0,0.5,38.43999999999999,290000.0,20.0,67.5,5.0,70.0,8500.0,340000.0,97.20089699074074,0.5000216534580573
789000.0,100000.0,5.0,30000.0,0.5,38.43999999999999,290000.0,20.0,62.5,5.0,70.0,8500.0,340000.0,84.41281828703704,0.5000216534580573
789000.0,100000.0,5.0,30000.0,0.5,38.43999999999999,290000.0,20.0,57.5,5.0,70.0,8500.0,340000.0,80.14913194444445,0.5000216534580573
789000.0,100000.0,5.0,30000.0,0.5,38.43999999999999,290000.0,20.0,52.5,5.0,70.0,8500.0,340000.0,77.95405092592593,0.5000216534580573
789000.0,100000.0,5.0,30000.0,0.5,38.43999999999999,290000.0,20.0,47.5,5.0,70.0,8500.0,340000.0,80.84149305555556,0.5000216534580573
789000.0,100000.0,5.0,30000.0,0.5,38.43999999999999,290000.0,20.0,42.5,5.0,70.0,8500.0,340000.0,85.51611689814816,0.5000216534580573
789000.0,100000.0,5.0,30000.0,0.5,38.43999999999999,290000.0,20.0,37.5,5.0,70.0,8500.0,340000.0,130.65315393518517,0.5000216534580573
789000.0,100000.0,5.0,30000.0,0.5,38.43999999999999,285000.0,20.0,87.5,5.0,70.0,8500.0,340000.0,724.9992476851852,0.4952578926854619
789000.0,100000.0,5.0,30000.0,0.5,38.43999999999999,285000.0,20.0,72.5,5.0,70.0,8500.0,340000.0,155.25868055555554,0.5000216534580573
789000.0,100000.0,5.0,30000.0,0.5,38.43999999999999,285000.0,20.0,67.5,5.0,70.0,8500.0,340000.0,121.80572916666667,0.5000216534580573
789000.0,100000.0,5.0,30000.0,0.5,38.43999999999999,285000.0,20.0,62.5,5.0,70.0,8500.0,340000.0,97.16548032407407,0.5000216534580573
789000.0,100000.0,5.0,30000.0,0.5,38.43999999999999,285000.0,20.0,57.5,5.0,70.0,8500.0,340000.0,88.47913773148149,0.5000216534580573
789000.0,100000.0,5.0,30000.0,0.5,38.43999999999999,285000.0,20.0,52.5,5.0,70.0,8500.0,340000.0,85.31996527777778,0.5000216534580573
789000.0,100000.0,5.0,30000.0,0.5,38.43999999999999,285000.0,20.0,47.5,5.0,70.0,8500.0,340000.0,90.8958912037037,0.5000216534580573
789000.0,100000.0,5.0,30000.0,0.5,38.43999999999999,285000.0,20.0,42.5,5.0,70.0,8500.0,340000.0,101.3267650462963,0.5000216534580573
789000.0,100000.0,5.0,30000.0,0.5,38.43999999999999,280000.0,20.0,72.5,5.0,70.0,8500.0,340000.0,495.3439814814815,0.5000216534580573
789000.0,100000.0,5.0,30000.0,0.5,38.43999999999999,280000.0,20.0,67.5,5.0,70.0,8500.0,340000.0,179.65445601851852,0.5000216534580573
789000.0,100000.0,5.0,30000.0,0.5,38.43999999999999,280000.0,20.0,62.5,5.0,70.0,8500.0,340000.0,126.60749421296296,0.5000216534580573
789000.0,100000.0,5.0,30000.0,0.5,38.43999999999999,280000.0,20.0,57.5,5.0,70.0,8500.0,340000.0,107.6423900462963,0.5000216534580573
789000.0,100000.0,5.0,30000.0,0.5,38.43999999999999,280000.0,20.0,52.5,5.0,70.0,8500.0,340000.0,103.27853009259259,0.5000216534580573
789000.0,100000.0,5.0,30000.0,0.5,38.43999999999999,280000.0,20.0,47.5,5.0,70.0,8500.0,340000.0,108.77181712962962,0.5000216534580573
789000.0,100000.0,5.0,30000.0,0.5,38.43999999999999,255000.0,20.0,75.0,5.0,70.0,8500.0,340000.0,724.9991898148148,0.4746438006149582
789000.0,100000.0,5.0,30000.0,0.5,38.43999999999999,255000.0,20.0,70.0,5.0,70.0,8500.0,340000.0,724.9994791666667,0.48109653111601924
789000.0,100000.0,5.0,30000.0,0.5,38.43999999999999,255000.0,20.0,65.0,5.0,70.0,8500.0,340000.0,724.9998842592593,0.4869862717075917
789000.0,100000.0,5.0,30000.0,0.5,38.43999999999999,255000.0,20.0,60.0,5.0,70.0,8500.0,340000.0,724.9993055555556,0.4909272010740115
789000.0,100000.0,5.0,30000.0,0.5,38.43999999999999,255000.0,20.0,55.0,5.0,70.0,8500.0,340000.0,724.9997685185185,0.4944350612792863
789000.0,100000.0,5.0,30000.0,0.5,38.43999999999999,255000.0,20.0,50.0,5.0,70.0,8500.0,340000.0,724.9999421296296,0.4978130007362176
789000.0,100000.0,5.0,30000.0,0.5,38.43999999999999,255000.0,20.0,45.0,5.0,70.0,8500.0,340000.0,724.9997685185185,0.49915551513576717
789000.0,100000.0,5.0,30000.0,0.5,38.43999999999999,255000.0,20.0,40.0,5.0,70.0,8500.0,340000.0,724.9998263888889,0.49612403100775193
789000.0,100000.0,5.0,30000.0,0.5,38.43999999999999,255000.0,20.0,35.0,5.0,70.0,8500.0,340000.0,724.999537037037,0.4871594993720497
789000.0,100000.0,5.0,30000.0,0.5,38.43999999999999,255000.0,20.0,30.0,5.0,70.0,8500.0,340000.0,724.9998842592593,0.4711792473257979
789000.0,100000.0,5.0,30000.0,0.5,38.43999999999999,255000.0,20.0,25.0,5.0,70.0,8500.0,340000.0,724.9998842592593,0.44419903858646226
789000.0,100000.0,5.0,30000.0,0.5,38.43999999999999,250000.0,20.0,90.0,5.0,70.0,8500.0,340000.0,724.9991319444445,0.4511714520808973
789000.0,100000.0,5.0,30000.0,0.5,38.43999999999999,250000.0,20.0,85.0,5.0,70.0,8500.0,340000.0,724.9989583333333,0.4558052921051492
789000.0,100000.0,5.0,30000.0,0.5,38.43999999999999,250000.0,20.0,40.0,5.0,70.0,8500.0,340000.0,724.9999421296296,0.4892815382616604
789000.0,100000.0,5.0,30000.0,0.5,38.43999999999999,250000.0,20.0,35.0,5.0,70.0,8500.0,340000.0,724.9996527777778,0.4805335412065307
789000.0,100000.0,5.0,30000.0,0.5,38.43999999999999,250000.0,20.0,30.0,5.0,70.0,8500.0,340000.0,724.9998842592593,0.465765882811485
789000.0,100000.0,5.0,30000.0,0.5,38.43999999999999,250000.0,20.0,25.0,5.0,70.0,8500.0,340000.0,724.9998842592593,0.43947858472998136
789000.0,100000.0,5.0,30000.0,0.5,38.43999999999999,240000.0,20.0,90.0,5.0,70.0,8500.0,340000.0,724.9991319444445,0.43588411069247757
789000.0,100000.0,5.0,30000.0,0.5,38.43999999999999,240000.0,20.0,80.0,5.0,70.0,8500.0,340000.0,724.9997106481482,0.44891949244294316
789000.0,100000.0,5.0,30000.0,0.5,38.43999999999999,240000.0,20.0,70.0,5.0,70.0,8500.0,340000.0,724.9991898148148,0.46022259754882855
789000.0,100000.0,5.0,30000.0,0.5,38.43999999999999,240000.0,20.0,60.0,5.0,70.0,8500.0,340000.0,724.9997106481482,0.4705296435840804
789000.0,100000.0,5.0,30000.0,0.5,38.43999999999999,240000.0,20.0,50.0,5.0,70.0,8500.0,340000.0,724.9994212962963,0.4784548092330345
789000.0,100000.0,5.0,30000.0,0.5,38.43999999999999,240000.0,20.0,40.0,5.0,70.0,8500.0,340000.0,724.9998263888889,0.4774587501624009
789000.0,100000.0,5.0,30000.0,0.5,38.43999999999999,240000.0,20.0,30.0,5.0,70.0,8500.0,340000.0,724.9998842592593,0.45433285695725606
789000.0,100000.0,5.0,30000.0,0.5,38.43999999999999,240000.0,20.0,25.0,5.0,70.0,8500.0,340000.0,724.9997685185185,0.42938807327530204
789000.0,100000.0,5.0,30000.0,0.5,38.43999999999999,230000.0,20.0,90.0,5.0,70.0,8500.0,340000.0,724.9998842592593,0.4211164522974319
789000.0,100000.0,5.0,30000.0,0.5,38.43999999999999,230000.0,20.0,80.0,5.0,70.0,8500.0,340000.0,724.9997106481482,0.43449828937681345
789000.0,100000.0,5.0,30000.0,0.5,38.43999999999999,230000.0,20.0,70.0,5.0,70.0,8500.0,340000.0,724.9991319444445,0.4459313152310424
789000.0,100000.0,5.0,30000.0,0.5,38.43999999999999,230000.0,20.0,60.0,5.0,70.0,8500.0,340000.0,724.9987847222222,0.45775410333030186
789000.0,100000.0,5.0,30000.0,0.5,38.43999999999999,230000.0,20.0,50.0,5.0,70.0,8500.0,340000.0,724.999537037037,0.4643800614958209
789000.0,100000.0,5.0,30000.0,0.5,38.43999999999999,230000.0,20.0,40.0,5.0,70.0,8500.0,340000.0,724.9997685185185,0.46316746784461477
789000.0,100000.0,5.0,30000.0,0.5,38.43999999999999,230000.0,20.0,30.0,5.0,70.0,8500.0,340000.0,724.9998842592593,0.4423368411935386
789000.0,100000.0,5.0,30000.0,0.5,38.43999999999999,230000.0,20.0,25.0,5.0,70.0,8500.0,340000.0,724.9996527777778,0.4194274825689663
789000.0,100000.0,5.0,30000.0,0.5,38.43999999999999,220000.0,20.0,90.0,5.0,70.0,8500.0,340000.0,724.9998842592593,0.4068684768957603
789000.0,100000.0,5.0,30000.0,0.5,38.43999999999999,220000.0,20.0,70.0,5.0,70.0,8500.0,340000.0,724.9993634259259,0.4326360919838898
789000.0,100000.0,5.0,30000.0,0.5,38.43999999999999,220000.0,20.0,50.0,5.0,70.0,8500.0,340000.0,724.9999421296296,0.45052184833917974
789000.0,100000.0,5.0,30000.0,0.5,38.43999999999999,220000.0,20.0,40.0,5.0,70.0,8500.0,340000.0,724.9994791666667,0.4486163440301416
789000.0,100000.0,5.0,30000.0,0.5,38.43999999999999,220000.0,20.0,25.0,5.0,70.0,8500.0,340000.0,724.9997685185185,0.4060023385734702
789000.0,100000.0,5.0,30000.0,0.5,38.43999999999999,210000.0,20.0,90.0,5.0,70.0,8500.0,340000.0,724.9996527777778,0.39049846260447796
789000.0,100000.0,5.0,30000.0,0.5,38.43999999999999,210000.0,20.0,70.0,5.0,70.0,8500.0,340000.0,724.9991898148148,0.41591962236369145
789000.0,100000.0,5.0,30000.0,0.5,38.43999999999999,210000.0,20.0,50.0,5.0,70.0,8500.0,340000.0,724.9994791666667,0.43527781386687453
789000.0,100000.0,5.0,30000.0,0.5,38.43999999999999,210000.0,20.0,40.0,5.0,70.0,8500.0,340000.0,724.9994791666667,0.4335888441384089
789000.0,100000.0,5.0,30000.0,0.5,38.43999999999999,210000.0,20.0,25.0,5.0,70.0,8500.0,340000.0,724.9996527777778,0.3934433329002642
789000.0,100000.0,5.0,30000.0,0.5,38.43999999999999,200000.0,20.0,90.0,5.0,70.0,8500.0,340000.0,724.9999421296296,0.3740418344809666
789000.0,100000.0,5.0,30000.0,0.5,38.43999999999999,200000.0,20.0,80.0,5.0,70.0,8500.0,340000.0,724.9994212962963,0.38595123641245505
789000.0,100000.0,5.0,30000.0,0.5,38.43999999999999,200000.0,20.0,60.0,5.0,70.0,8500.0,340000.0,724.9995949074074,0.40907712961759995
789000.0,100000.0,5.0,30000.0,0.5,38.43999999999999,200000.0,20.0,40.0,5.0,70.0,8500.0,340000.0,724.9998263888889,0.4185613442466762
789000.0,100000.0,5.0,30000.0,0.5,38.43999999999999,200000.0,20.0,25.0,5.0,70.0,8500.0,340000.0,724.9997685185185,0.3804512580659131
789000.0,100000.0,5.0,30000.0,0.5,38.43999999999999,280000.0,20.0,42.5,5.0,70.0,8500.0,340000.0,125.55266203703704,0.5000216534580573
789000.0,100000.0,5.0,30000.0,0.5,38.43999999999999,275000.0,20.0,72.5,5.0,70.0,8500.0,340000.0,657.722511574074,0.5000216534580573
789000.0,100000.0,5.0,30000.0,0.5,38.43999999999999,275000.0,20.0,67.5,5.0,70.0,8500.0,340000.0,537.7818576388889,0.5000216534580573
789000.0,100000.0,5.0,30000.0,0.5,38.43999999999999,275000.0,20.0,62.5,5.0,70.0,8500.0,340000.0,179.03469328703704,0.5000216534580573
789000.0,100000.0,5.0,30000.0,0.5,38.43999999999999,275000.0,20.0,57.5,5.0,70.0,8500.0,340000.0,139.53741319444444,0.5000216534580573
789000.0,100000.0,5.0,30000.0,0.5,38.43999999999999,275000.0,20.0,52.5,5.0,70.0,8500.0,340000.0,124.44207175925926,0.5000216534580573
789000.0,100000.0,5.0,30000.0,0.5,38.43999999999999,275000.0,20.0,47.5,5.0,70.0,8500.0,340000.0,132.44542824074074,0.5000216534580573
789000.0,100000.0,5.0,30000.0,0.5,38.43999999999999,270000.0,20.0,72.5,5.0,70.0,8500.0,340000.0,724.9993055555556,0.4969468624139275
789000.0,100000.0,5.0,30000.0,0.5,38.43999999999999,270000.0,20.0,67.5,5.0,70.0,8500.0,340000.0,724.9909722222222,0.5000216534580573
789000.0,100000.0,5.0,30000.0,0.5,38.43999999999999,270000.0,20.0,62.5,5.0,70.0,8500.0,340000.0,596.9096064814814,0.5000216534580573
789000.0,100000.0,5.0,30000.0,0.5,38.43999999999999,270000.0,20.0,57.5,5.0,70.0,8500.0,340000.0,400.95167824074076,0.5000216534580573
789000.0,100000.0,5.0,30000.0,0.5,38.43999999999999,270000.0,20.0,52.5,5.0,70.0,8500.0,340000.0,204.27259837962964,0.5000216534580573
789000.0,100000.0,5.0,30000.0,0.5,38.43999999999999,270000.0,20.0,47.5,5.0,70.0,8500.0,340000.0,261.1222800925926,0.5000216534580573
789000.0,100000.0,5.0,30000.0,0.5,38.43999999999999,265000.0,20.0,67.5,5.0,70.0,8500.0,340000.0,724.9998842592593,0.49595080334329394
789000.0,100000.0,5.0,30000.0,0.5,38.43999999999999,265000.0,20.0,62.6,5.0,70.0,8500.0,340000.0,670.2169861209735,0.5000216534580573
789000.0,100000.0,5.0,30000.0,0.5,38.43999999999999,265000.0,20.0,57.5,5.0,70.0,8500.0,340000.0,584.510011574074,0.5000216534580573
789000.0,100000.0,5.0,30000.0,0.5,38.43999999999999,265000.0,20.0,52.5,5.0,70.0,8500.0,340000.0,535.4395833333333,0.5000216534580573
789000.0,100000.0,5.0,30000.0,0.5,38.43999999999999,260000.0,20.0,57.5,5.0,70.0,8500.0,340000.0,710.4485821759259,0.5000216534580573
789000.0,100000.0,5.0,30000.0,0.5,38.43999999999999,260000.0,20.0,52.5,5.0,70.0,8500.0,340000.0,667.9459780092593,0.5000216534580573
789000.0,100000.0,1.0,30000.0,0.5,38.43999999999999,300000.0,20.0,90.0,5.0,70.0,8500.0,340000.0,75.35636574074074,0.5000216534580573
789000.0,100000.0,1.0,30000.0,0.5,38.43999999999999,300000.0,20.0,87.5,5.0,70.0,8500.0,340000.0,73.64560185185185,0.5000216534580573
789000.0,100000.0,1.0,30000.0,0.5,38.43999999999999,300000.0,20.0,85.0,5.0,70.0,8500.0,340000.0,71.43009259259259,0.5000216534580573
789000.0,100000.0,1.0,30000.0,0.5,38.43999999999999,300000.0,20.0,82.5,5.0,70.0,8500.0,340000.0,70.10836226851852,0.5000216534580573
789000.0,100000.0,1.0,30000.0,0.5,38.43999999999999,300000.0,20.0,80.0,5.0,70.0,8500.0,340000.0,68.61498842592593,0.5000216534580573
789000.0,100000.0,1.0,30000.0,0.5,38.43999999999999,300000.0,20.0,77.5,5.0,70.0,8500.0,340000.0,67.68923611111111,0.5000216534580573
789000.0,100000.0,1.0,30000.0,0.5,38.43999999999999,300000.0,20.0,75.0,5.0,70.0,8500.0,340000.0,66.71435185185184,0.5000216534580573
789000.0,100000.0,1.0,30000.0,0.5,38.43999999999999,300000.0,20.0,72.5,5.0,70.0,8500.0,340000.0,65.77123842592593,0.5000216534580573
789000.0,100000.0,1.0,30000.0,0.5,38.43999999999999,300000.0,20.0,70.0,5.0,70.0,8500.0,340000.0,64.89670138888889,0.5000216534580573
789000.0,100000.0,1.0,30000.0,0.5,38.43999999999999,300000.0,20.0,67.5,5.0,70.0,8500.0,340000.0,64.33781828703704,0.5000216534580573
789000.0,100000.0,1.0,30000.0,0.5,38.43999999999999,300000.0,20.0,65.0,5.0,70.0,8500.0,340000.0,63.65462962962963,0.5000216534580573
789000.0,100000.0,1.0,30000.0,0.5,38.43999999999999,300000.0,20.0,62.5,5.0,70.0,8500.0,340000.0,63.77578125,0.5000216534580573
789000.0,100000.0,1.0,30000.0,0.5,38.43999999999999,300000.0,20.0,60.0,5.0,70.0,8500.0,340000.0,63.311400462962965,0.5000216534580573
789000.0,100000.0,1.0,30000.0,0.5,38.43999999999999,300000.0,20.0,57.5,5.0,70.0,8500.0,340000.0,62.84348958333333,0.5000216534580573
789000.0,100000.0,1.0,30000.0,0.5,38.43999999999999,300000.0,20.0,55.0,5.0,70.0,8500.0,340000.0,63.475,0.5000216534580573
789000.0,100000.0,1.0,30000.0,0.5,38.43999999999999,300000.0,20.0,52.5,5.0,70.0,8500.0,340000.0,63.7857349537037,0.5000216534580573
789000.0,100000.0,1.0,30000.0,0.5,38.43999999999999,300000.0,20.0,50.0,5.0,70.0,8500.0,340000.0,64.24623842592592,0.5000216534580573
789000.0,100000.0,1.0,30000.0,0.5,38.43999999999999,300000.0,20.0,47.5,5.0,70.0,8500.0,340000.0,64.8759837962963,0.5000216534580573
789000.0,100000.0,1.0,30000.0,0.5,38.43999999999999,300000.0,20.0,45.0,5.0,70.0,8500.0,340000.0,65.85428240740741,0.5000216534580573
789000.0,100000.0,1.0,30000.0,0.5,38.43999999999999,300000.0,20.0,42.5,5.0,70.0,8500.0,340000.0,67.78136574074074,0.5000216534580573
789000.0,100000.0,1.0,30000.0,0.5,38.43999999999999,300000.0,20.0,40.0,5.0,70.0,8500.0,340000.0,69.66950231481482,0.5000216534580573
789000.0,100000.0,1.0,30000.0,0.5,38.43999999999999,300000.0,20.0,37.5,5.0,70.0,8500.0,340000.0,73.24615162037037,0.5000216534580573
789000.0,100000.0,1.0,30000.0,0.5,38.43999999999999,300000.0,20.0,35.0,5.0,70.0,8500.0,340000.0,80.04039351851851,0.5000216534580573
789000.0,100000.0,1.0,30000.0,0.5,38.43999999999999,300000.0,20.0,32.5,5.0,70.0,8500.0,340000.0,116.32543402777777,0.5000216534580573
789000.0,100000.0,1.0,30000.0,0.5,38.43999999999999,300000.0,20.0,30.0,5.0,70.0,8500.0,340000.0,447.2137152777778,0.5000216534580573
789000.0,100000.0,1.0,30000.0,0.5,38.43999999999999,300000.0,20.0,27.5,5.0,70.0,8500.0,340000.0,670.5263599537037,0.5000216534580573
789000.0,100000.0,1.0,30000.0,0.5,38.43999999999999,300000.0,20.0,25.0,5.0,70.0,8500.0,340000.0,728.9996527777778,0.48737603395262225
789000.0,100000.0,1.0,30000.0,0.5,38.43999999999999,295000.0,20.0,90.0,5.0,70.0,8500.0,340000.0,80.31174768518518,0.5000216534580573
789000.0,100000.0,1.0,30000.0,0.5,38.43999999999999,295000.0,20.0,87.5,5.0,70.0,8500.0,340000.0,77.11646412037037,0.5000216534580573
789000.0,100000.0,1.0,30000.0,0.5,38.43999999999999,295000.0,20.0,85.0,5.0,70.0,8500.0,340000.0,75.00891203703704,0.5000216534580573
789000.0,100000.0,1.0,30000.0,0.5,38.43999999999999,295000.0,20.0,82.5,5.0,70.0,8500.0,340000.0,73.89435763888889,0.5000216534580573
789000.0,100000.0,1.0,30000.0,0.5,38.43999999999999,295000.0,20.0,80.0,5.0,70.0,8500.0,340000.0,70.52876157407407,0.5000216534580573
789000.0,100000.0,1.0,30000.0,0.5,38.43999999999999,295000.0,20.0,77.5,5.0,70.0,8500.0,340000.0,69.57719907407407,0.5000216534580573
789000.0,100000.0,1.0,30000.0,0.5,38.43999999999999,295000.0,20.0,75.0,5.0,70.0,8500.0,340000.0,68.35960648148148,0.5000216534580573
789000.0,100000.0,1.0,30000.0,0.5,38.43999999999999,295000.0,20.0,72.5,5.0,70.0,8500.0,340000.0,67.44166666666666,0.5000216534580573
789000.0,100000.0,1.0,30000.0,0.5,38.43999999999999,295000.0,20.0,70.0,5.0,70.0,8500.0,340000.0,66.42013888888889,0.5000216534580573
789000.0,100000.0,1.0,30000.0,0.5,38.43999999999999,295000.0,20.0,67.5,5.0,70.0,8500.0,340000.0,66.0589699074074,0.5000216534580573
789000.0,100000.0,1.0,30000.0,0.5,38.43999999999999,295000.0,20.0,65.0,5.0,70.0,8500.0,340000.0,65.25231481481481,0.5000216534580573
789000.0,100000.0,1.0,30000.0,0.5,38.43999999999999,295000.0,20.0,62.5,5.0,70.0,8500.0,340000.0,65.16221064814815,0.5000216534580573
789000.0,100000.0,1.0,30000.0,0.5,38.43999999999999,295000.0,20.0,60.0,5.0,70.0,8500.0,340000.0,64.8995949074074,0.5000216534580573
789000.0,100000.0,1.0,30000.0,0.5,38.43999999999999,295000.0,20.0,57.5,5.0,70.0,8500.0,340000.0,64.16359953703704,0.5000216534580573
789000.0,100000.0,1.0,30000.0,0.5,38.43999999999999,295000.0,20.0,55.0,5.0,70.0,8500.0,340000.0,64.64548611111111,0.5000216534580573
789000.0,100000.0,1.0,30000.0,0.5,38.43999999999999,295000.0,20.0,52.5,5.0,70.0,8500.0,340000.0,65.25578703703704,0.5000216534580573
789000.0,100000.0,1.0,30000.0,0.5,38.43999999999999,295000.0,20.0,50.0,5.0,70.0,8500.0,340000.0,65.96145833333334,0.5000216534580573
789000.0,100000.0,1.0,30000.0,0.5,38.43999999999999,295000.0,20.0,47.5,5.0,70.0,8500.0,340000.0,66.42667824074074,0.5000216534580573
789000.0,100000.0,1.0,30000.0,0.5,38.43999999999999,295000.0,20.0,45.0,5.0,70.0,8500.0,340000.0,67.64189814814814,0.5000216534580573
789000.0,100000.0,1.0,30000.0,0.5,38.43999999999999,295000.0,20.0,42.5,5.0,70.0,8500.0,340000.0,69.29658564814815,0.5000216534580573
789000.0,100000.0,1.0,30000.0,0.5,38.43999999999999,295000.0,20.0,40.0,5.0,70.0,8500.0,340000.0,71.3404513888889,0.5000216534580573
789000.0,100000.0,1.0,30000.0,0.5,38.43999999999999,295000.0,20.0,37.5,5.0,70.0,8500.0,340000.0,75.8291087962963,0.5000216534580573
789000.0,100000.0,1.0,30000.0,0.5,38.43999999999999,295000.0,20.0,35.0,5.0,70.0,8500.0,340000.0,85.5837962962963,0.5000216534580573
789000.0,100000.0,1.0,30000.0,0.5,38.43999999999999,295000.0,20.0,32.5,5.0,70.0,8500.0,340000.0,150.60127314814815,0.5000216534580573
789000.0,100000.0,1.0,30000.0,0.5,38.43999999999999,295000.0,20.0,30.0,5.0,70.0,8500.0,340000.0,506.3588541666667,0.5000216534580573
789000.0,100000.0,1.0,30000.0,0.5,38.43999999999999,295000.0,20.0,27.5,5.0,70.0,8500.0,340000.0,710.3712962962964,0.5000216534580573
789000.0,100000.0,1.0,30000.0,0.5,38.43999999999999,295000.0,20.0,25.0,5.0,70.0,8500.0,340000.0,728.9997685185185,0.4854272227274696
789000.0,100000.0,1.0,30000.0,0.5,38.43999999999999,290000.0,20.0,90.0,5.0,70.0,8500.0,340000.0,92.18159722222222,0.5000216534580573
789000.0,100000.0,1.0,30000.0,0.5,38.43999999999999,290000.0,20.0,87.5,5.0,70.0,8500.0,340000.0,85.78544560185185,0.5000216534580573
789000.0,100000.0,1.0,30000.0,0.5,38.43999999999999,290000.0,20.0,85.0,5.0,70.0,8500.0,340000.0,82.53148148148148,0.5000216534580573
789000.0,100000.0,1.0,30000.0,0.5,38.43999999999999,290000.0,20.0,82.5,5.0,70.0,8500.0,340000.0,77.64916087962963,0.5000216534580573
789000.0,100000.0,1.0,30000.0,0.5,38.43999999999999,290000.0,20.0,80.0,5.0,70.0,8500.0,340000.0,74.4875,0.5000216534580573
789000.0,100000.0,1.0,30000.0,0.5,38.43999999999999,290000.0,20.0,77.5,5.0,70.0,8500.0,340000.0,72.95358796296296,0.5000216534580573
789000.0,100000.0,1.0,30000.0,0.5,38.43999999999999,290000.0,20.0,75.0,5.0,70.0,8500.0,340000.0,71.7800925925926,0.5000216534580573
789000.0,100000.0,1.0,30000.0,0.5,38.43999999999999,290000.0,20.0,72.5,5.0,70.0,8500.0,340000.0,69.61273148148148,0.5000216534580573
789000.0,100000.0,1.0,30000.0,0.5,38.43999999999999,290000.0,20.0,70.0,5.0,70.0,8500.0,340000.0,68.01383101851852,0.5000216534580573
789000.0,100000.0,1.0,30000.0,0.5,38.43999999999999,290000.0,20.0,67.5,5.0,70.0,8500.0,340000.0,68.08975694444445,0.5000216534580573
789000.0,100000.0,1.0,30000.0,0.5,38.43999999999999,290000.0,20.0,65.0,5.0,70.0,8500.0,340000.0,67.27858796296296,0.5000216534580573
789000.0,100000.0,1.0,30000.0,0.5,38.43999999999999,290000.0,20.0,62.5,5.0,70.0,8500.0,340000.0,66.86498842592593,0.5000216534580573
789000.0,100000.0,1.0,30000.0,0.5,38.43999999999999,290000.0,20.0,60.0,5.0,70.0,8500.0,340000.0,66.67771990740741,0.5000216534580573
789000.0,100000.0,1.0,30000.0,0.5,38.43999999999999,290000.0,20.0,57.5,5.0,70.0,8500.0,340000.0,65.7740451388889,0.5000216534580573
789000.0,100000.0,1.0,30000.0,0.5,38.43999999999999,290000.0,20.0,55.0,5.0,70.0,8500.0,340000.0,66.62847222222223,0.5000216534580573
789000.0,100000.0,1.0,30000.0,0.5,38.43999999999999,290000.0,20.0,52.5,5.0,70.0,8500.0,340000.0,67.01059027777778,0.5000216534580573
789000.0,100000.0,1.0,30000.0,0.5,38.43999999999999,290000.0,20.0,50.0,5.0,70.0,8500.0,340000.0,67.6974537037037,0.5000216534580573
789000.0,100000.0,1.0,30000.0,0.5,38.43999999999999,290000.0,20.0,47.5,5.0,70.0,8500.0,340000.0,68.25040509259259,0.5000216534580573
789000.0,100000.0,1.0,30000.0,0.5,38.43999999999999,290000.0,20.0,45.0,5.0,70.0,8500.0,340000.0,69.30787037037037,0.5000216534580573
789000.0,100000.0,1.0,30000.0,0.5,38.43999999999999,290000.0,20.0,42.5,5.0,70.0,8500.0,340000.0,71.69189814814816,0.5000216534580573
789000.0,100000.0,1.0,30000.0,0.5,38.43999999999999,290000.0,20.0,40.0,5.0,70.0,8500.0,340000.0,73.86493055555556,0.5000216534580573
789000.0,100000.0,1.0,30000.0,0.5,38.43999999999999,290000.0,20.0,37.5,5.0,70.0,8500.0,340000.0,80.2453125,0.5000216534580573
789000.0,100000.0,1.0,30000.0,0.5,38.43999999999999,290000.0,20.0,35.0,5.0,70.0,8500.0,340000.0,97.34363425925926,0.5000216534580573
789000.0,100000.0,1.0,30000.0,0.5,38.43999999999999,290000.0,20.0,32.5,5.0,70.0,8500.0,340000.0,204.88637152777778,0.5000216534580573
789000.0,100000.0,1.0,30000.0,0.5,38.43999999999999,290000.0,20.0,30.0,5.0,70.0,8500.0,340000.0,561.2015046296297,0.5000216534580573
789000.0,100000.0,1.0,30000.0,0.5,38.43999999999999,290000.0,20.0,27.5,5.0,70.0,8500.0,340000.0,728.9996527777778,0.4981161491490191
789000.0,100000.0,1.0,30000.0,0.5,38.43999999999999,290000.0,20.0,25.0,5.0,70.0,8500.0,340000.0,728.9996527777778,0.4820059763544238
789000.0,100000.0,1.0,30000.0,0.5,38.43999999999999,285000.0,20.0,90.0,5.0,70.0,8500.0,340000.0,117.99230324074074,0.5000216534580573
789000.0,100000.0,1.0,30000.0,0.5,38.43999999999999,285000.0,20.0,80.0,5.0,70.0,8500.0,340000.0,81.03559027777777,0.5000216534580573
789000.0,100000.0,1.0,30000.0,0.5,38.43999999999999,285000.0,20.0,70.0,5.0,70.0,8500.0,340000.0,72.10752314814815,0.5000216534580573
789000.0,100000.0,1.0,30000.0,0.5,38.43999999999999,285000.0,20.0,60.0,5.0,70.0,8500.0,340000.0,68.98761574074074,0.5000216534580573
789000.0,100000.0,1.0,30000.0,0.5,38.43999999999999,285000.0,20.0,50.0,5.0,70.0,8500.0,340000.0,70.15081018518518,0.5000216534580573
789000.0,100000.0,1.0,30000.0,0.5,38.43999999999999,285000.0,20.0,40.0,5.0,70.0,8500.0,340000.0,77.76556712962963,0.5000216534580573
789000.0,100000.0,1.0,30000.0,0.5,38.43999999999999,285000.0,20.0,30.0,5.0,70.0,8500.0,340000.0,605.4708333333333,0.5000216534580573
789000.0,100000.0,1.0,30000.0,0.5,38.43999999999999,285000.0,20.0,25.0,5.0,70.0,8500.0,340000.0,728.9997685185185,0.47901779914252307
789000.0,100000.0,1.0,30000.0,0.5,38.43999999999999,280000.0,20.0,90.0,5.0,70.0,8500.0,340000.0,190.1703125,0.5000216534580573
789000.0,100000.0,1.0,30000.0,0.5,38.43999999999999,280000.0,20.0,80.0,5.0,70.0,8500.0,340000.0,89.37783564814815,0.5000216534580573
789000.0,100000.0,1.0,30000.0,0.5,38.43999999999999,280000.0,20.0,70.0,5.0,70.0,8500.0,340000.0,75.64293981481481,0.5000216534580573
789000.0,100000.0,1.0,30000.0,0.5,38.43999999999999,280000.0,20.0,60.0,5.0,70.0,8500.0,340000.0,72.06510416666667,0.5000216534580573
789000.0,100000.0,1.0,30000.0,0.5,38.43999999999999,280000.0,20.0,50.0,5.0,70.0,8500.0,340000.0,72.95248842592592,0.5000216534580573
789000.0,100000.0,1.0,30000.0,0.5,38.43999999999999,280000.0,20.0,40.0,5.0,70.0,8500.0,340000.0,84.46585648148148,0.5000216534580573
789000.0,100000.0,1.0,30000.0,0.5,38.43999999999999,280000.0,20.0,30.0,5.0,70.0,8500.0,340000.0,663.4626736111111,0.5000216534580573
789000.0,100000.0,1.0,30000.0,0.5,38.43999999999999,280000.0,20.0,25.0,5.0,70.0,8500.0,340000.0,728.9998842592593,0.4747304144471872
789000.0,100000.0,1.0,30000.0,0.5,38.43999999999999,275000.0,20.0,90.0,5.0,70.0,8500.0,340000.0,630.8864583333333,0.5000216534580573
789000.0,100000.0,1.0,30000.0,0.5,38.43999999999999,275000.0,20.0,80.0,5.0,70.0,8500.0,340000.0,113.10052083333333,0.5000216534580573
789000.0,100000.0,1.0,30000.0,0.5,38.43999999999999,275000.0,20.0,70.0,5.0,70.0,8500.0,340000.0,83.75601851851852,0.5000216534580573
789000.0,100000.0,1.0,30000.0,0.5,38.43999999999999,275000.0,20.0,60.0,5.0,70.0,8500.0,340000.0,75.91469907407408,0.5000216534580573
789000.0,100000.0,1.0,30000.0,0.5,38.43999999999999,275000.0,20.0,50.0,5.0,70.0,8500.0,340000.0,76.47980324074074,0.5000216534580573
789000.0,100000.0,1.0,30000.0,0.5,38.43999999999999,275000.0,20.0,40.0,5.0,70.0,8500.0,340000.0,98.01510416666666,0.5000216534580573
789000.0,100000.0,1.0,30000.0,0.5,38.43999999999999,275000.0,20.0,30.0,5.0,70.0,8500.0,340000.0,703.4671875,0.5000216534580573
789000.0,100000.0,1.0,30000.0,0.5,38.43999999999999,275000.0,20.0,25.0,5.0,70.0,8500.0,340000.0,728.9998842592593,0.47139578190637044
789000.0,100000.0,1.0,30000.0,0.5,38.43999999999999,270000.0,20.0,90.0,5.0,70.0,8500.0,340000.0,728.9993634259259,0.49893898055519464
789000.0,100000.0,1.0,30000.0,0.5,38.43999999999999,270000.0,20.0,80.0,5.0,70.0,8500.0,340000.0,190.17100694444446,0.5000216534580573
789000.0,100000.0,1.0,30000.0,0.5,38.43999999999999,270000.0,20.0,70.0,5.0,70.0,8500.0,340000.0,99.52806712962963,0.5000216534580573
789000.0,100000.0,1.0,30000.0,0.5,38.43999999999999,270000.0,20.0,60.0,5.0,70.0,8500.0,340000.0,85.51643518518519,0.5000216534580573
789000.0,100000.0,1.0,30000.0,0.5,38.43999999999999,270000.0,20.0,50.0,5.0,70.0,8500.0,340000.0,86.02170138888889,0.5000216534580573
789000.0,100000.0,1.0,30000.0,0.5,38.43999999999999,270000.0,20.0,40.0,5.0,70.0,8500.0,340000.0,123.40133101851852,0.5000216534580573
789000.0,100000.0,1.0,30000.0,0.5,38.43999999999999,270000.0,20.0,30.0,5.0,70.0,8500.0,340000.0,728.9997685185185,0.4972933177428435
789000.0,100000.0,1.0,30000.0,0.5,38.43999999999999,270000.0,20.0,25.0,5.0,70.0,8500.0,340000.0,728.9996527777778,0.46767138712052314
789000.0,100000.0,1.0,30000.0,0.5,38.43999999999999,265000.0,20.0,90.0,5.0,70.0,8500.0,340000.0,728.9996527777778,0.4928327053830497
789000.0,100000.0,1.0,30000.0,0.5,38.43999999999999,265000.0,20.0,85.0,5.0,70.0,8500.0,340000.0,728.999537037037,0.4982460698973626
789000.0,100000.0,1.0,30000.0,0.5,38.43999999999999,265000.0,20.0,80.0,5.0,70.0,8500.0,340000.0,584.6955439814815,0.5000216534580573
789000.0,100000.0,1.0,30000.0,0.5,38.43999999999999,265000.0,20.0,70.0,5.0,70.0,8500.0,340000.0,144.2521412037037,0.5000216534580573
789000.0,100000.0,1.0,30000.0,0.5,38.43999999999999,265000.0,20.0,60.0,5.0,70.0,8500.0,340000.0,96.24664351851852,0.5000216534580573
789000.0,100000.0,1.0,30000.0,0.5,38.43999999999999,265000.0,20.0,50.0,5.0,70.0,8500.0,340000.0,101.02141203703704,0.5000216534580573
789000.0,100000.0,1.0,30000.0,0.5,38.43999999999999,265000.0,20.0,40.0,5.0,70.0,8500.0,340000.0,188.70462962962964,0.5000216534580573
789000.0,100000.0,1.0,30000.0,0.5,38.43999999999999,265000.0,20.0,35.0,5.0,70.0,8500.0,340000.0,565.6334490740741,0.5000216534580573
789000.0,100000.0,1.0,30000.0,0.5,38.43999999999999,265000.0,20.0,30.0,5.0,70.0,8500.0,340000.0,728.9997685185185,0.4920531808929886
789000.0,100000.0,1.0,30000.0,0.5,38.43999999999999,265000.0,20.0,25.0,5.0,70.0,8500.0,340000.0,728.9997685185185,0.4637304577541033
789000.0,100000.0,1.0,30000.0,0.5,38.43999999999999,260000.0,20.0,90.0,5.0,70.0,8500.0,340000.0,728.9993055555556,0.48659650946256117
789000.0,100000.0,1.0,30000.0,0.5,38.43999999999999,260000.0,20.0,85.0,5.0,70.0,8500.0,340000.0,728.9994212962963,0.491057121822355
789000.0,100000.0,1.0,30000.0,0.5,38.43999999999999,260000.0,20.0,80.0,5.0,70.0,8500.0,340000.0,728.9991319444445,0.4987224459746221
789000.0,100000.0,1.0,30000.0,0.5,38.43999999999999,260000.0,20.0,70.0,5.0,70.0,8500.0,340000.0,469.0329282407407,0.5000216534580573
789000.0,100000.0,1.0,30000.0,0.5,38.43999999999999,260000.0,20.0,60.0,5.0,70.0,8500.0,340000.0,129.49155092592594,0.5000216534580573
789000.0,100000.0,1.0,30000.0,0.5,38.43999999999999,260000.0,20.0,50.0,5.0,70.0,8500.0,340000.0,138.60983796296296,0.5000216534580573
789000.0,100000.0,1.0,30000.0,0.5,38.43999999999999,260000.0,20.0,40.0,5.0,70.0,8500.0,340000.0,446.3259259259259,0.5000216534580573
789000.0,100000.0,1.0,30000.0,0.5,38.43999999999999,260000.0,20.0,30.0,5.0,70.0,8500.0,340000.0,728.9997685185185,0.48724611320427874
789000.0,100000.0,1.0,30000.0,0.5,38.43999999999999,260000.0,20.0,25.0,5.0,70.0,8500.0,340000.0,728.9998842592593,0.45818717249144686
789000.0,100000.0,1.0,30000.0,0.5,38.43999999999999,255000.0,20.0,90.0,5.0,70.0,8500.0,340000.0,728.9991319444445,0.4791477198908666
789000.0,100000.0,1.0,30000.0,0.5,38.43999999999999,255000.0,20.0,80.0,5.0,70.0,8500.0,340000.0,728.9994791666667,0.4930492399636222
789000.0,100000.0,1.0,30000.0,0.5,38.43999999999999,255000.0,20.0,70.0,5.0,70.0,8500.0,340000.0,667.9726851851852,0.5000216534580573
789000.0,100000.0,1.0,30000.0,0.5,38.43999999999999,255000.0,20.0,60.0,5.0,70.0,8500.0,340000.0,327.97939814814816,0.5000216534580573
789000.0,100000.0,1.0,30000.0,0.5,38.43999999999999,255000.0,20.0,50.0,5.0,70.0,8500.0,340000.0,284.1451388888889,0.5000216534580573
789000.0,100000.0,1.0,30000.0,0.5,38.43999999999999,255000.0,20.0,40.0,5.0,70.0,8500.0,340000.0,603.0112847222222,0.5000216534580573
789000.0,100000.0,1.0,30000.0,0.5,38.43999999999999,255000.0,20.0,30.0,5.0,70.0,8500.0,340000.0,728.9997685185185,0.4818327486899658
789000.0,100000.0,1.0,30000.0,0.5,38.43999999999999,255000.0,20.0,25.0,5.0,70.0,8500.0,340000.0,728.9997685185185,0.45407301546056905
789000.0,100000.0,1.0,30000.0,0.5,38.43999999999999,250000.0,20.0,90.0,5.0,70.0,8500.0,340000.0,728.9998263888889,0.47273829630592007
789000.0,100000.0,1.0,30000.0,0.5,38.43999999999999,250000.0,20.0,80.0,5.0,70.0,8500.0,340000.0,728.9990740740741,0.4847343120696375
789000.0,100000.0,1.0,30000.0,0.5,38.43999999999999,250000.0,20.0,70.0,5.0,70.0,8500.0,340000.0,728.9998263888889,0.497423238491187
789000.0,100000.0,1.0,30000.0,0.5,38.43999999999999,250000.0,20.0,60.0,5.0,70.0,8500.0,340000.0,629.4831018518519,0.5000216534580573
789000.0,100000.0,1.0,30000.0,0.5,38.43999999999999,250000.0,20.0,50.0,5.0,70.0,8500.0,340000.0,586.7331018518519,0.5000216534580573
789000.0,100000.0,1.0,30000.0,0.5,38.43999999999999,250000.0,20.0,40.0,5.0,70.0,8500.0,340000.0,706.2939814814815,0.5000216534580573
789000.0,100000.0,1.0,30000.0,0.5,38.43999999999999,250000.0,20.0,30.0,5.0,70.0,8500.0,340000.0,728.9997685185185,0.47611623576285134
789000.0,100000.0,1.0,30000.0,0.5,38.43999999999999,250000.0,20.0,25.0,5.0,70.0,8500.0,340000.0,728.9996527777778,0.44904941319128666
789000.0,100000.0,1.0,30000.0,0.5,38.43999999999999,240000.0,20.0,90.0,5.0,70.0,8500.0,340000.0,728.9997106481482,0.45879346931704995
789000.0,100000.0,1.0,30000.0,0.5,38.43999999999999,240000.0,20.0,80.0,5.0,70.0,8500.0,340000.0,728.9993055555556,0.47113594040968343
789000.0,100000.0,1.0,30000.0,0.5,38.43999999999999,240000.0,20.0,70.0,5.0,70.0,8500.0,340000.0,728.9992476851852,0.4830886492572864
789000.0,100000.0,1.0,30000.0,0.5,38.43999999999999,240000.0,20.0,60.0,5.0,70.0,8500.0,340000.0,728.9996527777778,0.4918799532285306
789000.0,100000.0,1.0,30000.0,0.5,38.43999999999999,240000.0,20.0,50.0,5.0,70.0,8500.0,340000.0,728.9996527777778,0.49530119960157637
789000.0,100000.0,1.0,30000.0,0.5,38.43999999999999,240000.0,20.0,40.0,5.0,70.0,8500.0,340000.0,728.9995949074074,0.48915161751331687
789000.0,100000.0,1.0,30000.0,0.5,38.43999999999999,240000.0,20.0,30.0,5.0,70.0,8500.0,340000.0,728.9997685185185,0.46676194188211856
789000.0,100000.0,1.0,30000.0,0.5,38.43999999999999,240000.0,20.0,25.0,5.0,70.0,8500.0,340000.0,728.9996527777778,0.43830929799488977
789000.0,100000.0,1.0,30000.0,0.5,38.43999999999999,230000.0,20.0,90.0,5.0,70.0,8500.0,340000.0,728.9991898148148,0.4433762071802867
789000.0,100000.0,1.0,30000.0,0.5,38.43999999999999,200000.0,20.0,90.0,5.0,70.0,8500.0,340000.0,728.9990162037037,0.39591182711879086
789000.0,100000.0,1.0,30000.0,0.5,38.43999999999999,200000.0,20.0,25.0,5.0,70.0,8500.0,340000.0,728.9997685185185,0.391451214758997
789000.0,100000.0,1.0,30000.0,0.5,38.43999999999999,285000.0,20.0,87.5,5.0,70.0,8500.0,340000.0,104.30153356481482,0.5000216534580573
789000.0,100000.0,1.0,30000.0,0.5,38.43999999999999,285000.0,20.0,85.0,5.0,70.0,8500.0,340000.0,98.70532407407407,0.5000216534580573
789000.0,100000.0,1.0,30000.0,0.5,38.43999999999999,285000.0,20.0,82.5,5.0,70.0,8500.0,340000.0,90.35590277777777,0.5000216534580573
789000.0,100000.0,1.0,30000.0,0.5,38.43999999999999,285000.0,20.0,77.5,5.0,70.0,8500.0,340000.0,78.33680555555556,0.5000216534580573
789000.0,100000.0,1.0,30000.0,0.5,38.43999999999999,285000.0,20.0,37.5,5.0,70.0,8500.0,340000.0,89.04253472222223,0.5000216534580573
789000.0,100000.0,1.0,30000.0,0.5,38.43999999999999,285000.0,20.0,35.0,5.0,70.0,8500.0,340000.0,114.49791666666667,0.5000216534580573
789000.0,100000.0,1.0,30000.0,0.5,38.43999999999999,285000.0,20.0,32.5,5.0,70.0,8500.0,340000.0,407.75995370370373,0.5000216534580573
789000.0,100000.0,1.0,30000.0,0.5,38.43999999999999,285000.0,20.0,27.5,5.0,70.0,8500.0,340000.0,728.9999710648148,0.49482482352431684
789000.0,100000.0,1.0,30000.0,0.5,38.43999999999999,280000.0,20.0,87.5,5.0,70.0,8500.0,340000.0,154.93715277777778,0.5000216534580573
789000.0,100000.0,1.0,30000.0,0.5,38.43999999999999,280000.0,20.0,85.0,5.0,70.0,8500.0,340000.0,124.45798611111111,0.5000216534580573
789000.0,100000.0,1.0,30000.0,0.5,38.43999999999999,280000.0,20.0,82.5,5.0,70.0,8500.0,340000.0,101.93284143518518,0.5000216534580573
789000.0,100000.0,1.0,30000.0,0.5,38.43999999999999,280000.0,20.0,77.5,5.0,70.0,8500.0,340000.0,86.8636574074074,0.5000216534580573
789000.0,100000.0,1.0,30000.0,0.5,38.43999999999999,280000.0,20.0,37.5,5.0,70.0,8500.0,340000.0,103.79759837962963,0.5000216534580573
789000.0,100000.0,1.0,30000.0,0.5,38.43999999999999,280000.0,20.0,35.0,5.0,70.0,8500.0,340000.0,150.73483796296296,0.5000216534580573
789000.0,100000.0,1.0,30000.0,0.5,38.43999999999999,280000.0,20.0,32.5,5.0,70.0,8500.0,340000.0,493.8827835648148,0.5000216534580573
789000.0,100000.0,1.0,30000.0,0.5,38.43999999999999,280000.0,20.0,27.5,5.0,70.0,8500.0,340000.0,728.9998842592593,0.49071066649343903
789000.0,100000.0,1.0,30000.0,0.5,38.43999999999999,275000.0,20.0,87.5,5.0,70.0,8500.0,340000.0,498.3694155092593,0.5000216534580573
789000.0,100000.0,1.0,30000.0,0.5,38.43999999999999,275000.0,20.0,85.0,5.0,70.0,8500.0,340000.0,262.0579861111111,0.5000216534580573
789000.0,100000.0,1.0,30000.0,0.5,38.43999999999999,275000.0,20.0,82.5,5.0,70.0,8500.0,340000.0,163.68900462962964,0.5000216534580573
789000.0,100000.0,1.0,30000.0,0.5,38.43999999999999,275000.0,20.0,77.5,5.0,70.0,8500.0,340000.0,107.43373842592592,0.5000216534580573
789000.0,100000.0,1.0,30000.0,0.5,38.43999999999999,275000.0,20.0,37.5,5.0,70.0,8500.0,340000.0,124.63857060185185,0.5000216534580573
789000.0,100000.0,1.0,30000.0,0.5,38.43999999999999,275000.0,20.0,35.0,5.0,70.0,8500.0,340000.0,221.50185185185185,0.5000216534580573
789000.0,100000.0,1.0,30000.0,0.5,38.43999999999999,275000.0,20.0,32.5,5.0,70.0,8500.0,340000.0,567.0198206018518,0.5000216534580573
789000.0,100000.0,1.0,30000.0,0.5,38.43999999999999,270000.0,20.0,87.5,5.0,70.0,8500.0,340000.0,665.1416087962963,0.5000216534580573
789000.0,100000.0,1.0,30000.0,0.5,38.43999999999999,270000.0,20.0,85.0,5.0,70.0,8500.0,340000.0,659.002199074074,0.5000216534580573
789000.0,100000.0,1.0,30000.0,0.5,38.43999999999999,270000.0,20.0,82.5,5.0,70.0,8500.0,340000.0,524.3585358796296,0.5000216534580573
789000.0,100000.0,1.0,30000.0,0.5,38.43999999999999,270000.0,20.0,77.5,5.0,70.0,8500.0,340000.0,156.22112268518518,0.5000216534580573
789000.0,100000.0,1.0,30000.0,0.5,38.43999999999999,270000.0,20.0,37.5,5.0,70.0,8500.0,340000.0,225.8451099537037,0.5000216534580573
789000.0,100000.0,1.0,30000.0,0.5,38.43999999999999,270000.0,20.0,35.0,5.0,70.0,8500.0,340000.0,420.58136574074075,0.5000216534580573
789000.0,100000.0,1.0,30000.0,0.5,38.43999999999999,270000.0,20.0,32.5,5.0,70.0,8500.0,340000.0,635.7382233796296,0.5000216534580573
789000.0,100000.0,1.0,30000.0,0.5,38.43999999999999,265000.0,20.0,82.5,5.0,70.0,8500.0,340000.0,683.0004918981482,0.5000216534580573
789000.0,100000.0,1.0,30000.0,0.5,38.43999999999999,265000.0,20.0,77.5,5.0,70.0,8500.0,340000.0,568.2486689814815,0.5000216534580573
789000.0,100000.0,1.0,30000.0,0.5,38.43999999999999,265000.0,20.0,75.0,5.0,70.0,8500.0,340000.0,304.43912037037035,0.5000216534580573
789000.0,100000.0,1.0,30000.0,0.5,38.43999999999999,265000.0,20.0,72.5,5.0,70.0,8500.0,340000.0,183.2219039351852,0.5000216534580573
789000.0,100000.0,1.0,30000.0,0.5,38.43999999999999,265000.0,20.0,37.5,5.0,70.0,8500.0,340000.0,470.3396990740741,0.5000216534580573
789000.0,100000.0,1.0,30000.0,0.5,38.43999999999999,265000.0,20.0,32.5,5.0,70.0,8500.0,340000.0,708.1802372685186,0.5000216534580573
789000.0,100000.0,1.0,30000.0,0.5,38.43999999999999,260000.0,20.0,77.5,5.0,70.0,8500.0,340000.0,707.461082175926,0.5000216534580573
789000.0,100000.0,1.0,30000.0,0.5,38.43999999999999,260000.0,20.0,75.0,5.0,70.0,8500.0,340000.0,646.185300925926,0.5000216534580573
789000.0,100000.0,1.0,30000.0,0.5,38.43999999999999,260000.0,20.0,72.5,5.0,70.0,8500.0,340000.0,574.6883391203704,0.5000216534580573
789000.0,100000.0,1.0,30000.0,0.5,38.43999999999999,260000.0,20.0,67.5,5.0,70.0,8500.0,340000.0,229.63538773148147,0.5000216534580573
789000.0,100000.0,1.0,30000.0,0.5,38.43999999999999,260000.0,20.0,65.0,5.0,70.0,8500.0,340000.0,154.95358796296296,0.5000216534580573
789000.0,100000.0,1.0,30000.0,0.5,38.43999999999999,260000.0,20.0,62.5,5.0,70.0,8500.0,340000.0,141.5252025462963,0.5000216534580573
789000.0,100000.0,1.0,30000.0,0.5,38.43999999999999,260000.0,20.0,57.5,5.0,70.0,8500.0,340000.0,116.54262152777778,0.5000216534580573
789000.0,100000.0,1.0,30000.0,0.5,38.43999999999999,260000.0,20.0,55.0,5.0,70.0,8500.0,340000.0,121.01701388888888,0.5000216534580573
789000.0,100000.0,1.0,30000.0,0.5,38.43999999999999,260000.0,20.0,52.5,5.0,70.0,8500.0,340000.0,123.56692708333334,0.5000216534580573
789000.0,100000.0,1.0,30000.0,0.5,38.43999999999999,260000.0,20.0,47.5,5.0,70.0,8500.0,340000.0,126.11788194444445,0.5000216534580573
789000.0,100000.0,1.0,30000.0,0.5,38.43999999999999,260000.0,20.0,45.0,5.0,70.0,8500.0,340000.0,150.34930555555556,0.5000216534580573
789000.0,100000.0,1.0,30000.0,0.5,38.43999999999999,260000.0,20.0,42.5,5.0,70.0,8500.0,340000.0,296.05367476851853,0.5000216534580573
789000.0,100000.0,1.0,30000.0,0.5,38.43999999999999,260000.0,20.0,37.5,5.0,70.0,8500.0,340000.0,608.5804976851852,0.5000216534580573
789000.0,100000.0,1.0,30000.0,0.5,38.43999999999999,260000.0,20.0,35.0,5.0,70.0,8500.0,340000.0,679.7216435185185,0.5000216534580573
789000.0,100000.0,1.0,30000.0,0.5,38.43999999999999,260000.0,20.0,32.5,5.0,70.0,8500.0,340000.0,728.9999131944444,0.49651379325278244
789000.0,100000.0,1.0,30000.0,0.5,38.43999999999999,255000.0,20.0,75.0,5.0,70.0,8500.0,340000.0,728.9996527777778,0.49686024858169847
789000.0,100000.0,1.0,30000.0,0.5,38.43999999999999,255000.0,20.0,72.5,5.0,70.0,8500.0,340000.0,700.8712094907407,0.5000216534580573
789000.0,100000.0,1.0,30000.0,0.5,38.43999999999999,255000.0,20.0,67.5,5.0,70.0,8500.0,340000.0,605.4822916666667,0.5000216534580573
789000.0,100000.0,1.0,30000.0,0.5,38.43999999999999,255000.0,20.0,65.0,5.0,70.0,8500.0,340000.0,518.9811342592593,0.5000216534580573
789000.0,100000.0,1.0,30000.0,0.5,38.43999999999999,255000.0,20.0,62.5,5.0,70.0,8500.0,340000.0,441.4008680555556,0.5000216534580573
789000.0,100000.0,1.0,30000.0,0.5,38.43999999999999,255000.0,20.0,57.5,5.0,70.0,8500.0,340000.0,187.96432291666667,0.5000216534580573
789000.0,100000.0,1.0,30000.0,0.5,38.43999999999999,255000.0,20.0,55.0,5.0,70.0,8500.0,340000.0,182.7837962962963,0.5000216534580573
789000.0,100000.0,1.0,30000.0,0.5,38.43999999999999,255000.0,20.0,52.5,5.0,70.0,8500.0,340000.0,187.62708333333333,0.5000216534580573
789000.0,100000.0,1.0,30000.0,0.5,38.43999999999999,255000.0,20.0,47.5,5.0,70.0,8500.0,340000.0,329.42960069444445,0.5000216534580573
789000.0,100000.0,1.0,30000.0,0.5,38.43999999999999,255000.0,20.0,45.0,5.0,70.0,8500.0,340000.0,474.03912037037037,0.5000216534580573
789000.0,100000.0,1.0,30000.0,0.5,38.43999999999999,255000.0,20.0,42.5,5.0,70.0,8500.0,340000.0,537.5619791666667,0.5000216534580573
789000.0,100000.0,1.0,30000.0,0.5,38.43999999999999,255000.0,20.0,37.5,5.0,70.0,8500.0,340000.0,685.0297743055555,0.5000216534580573
789000.0,100000.0,1.0,30000.0,0.5,38.43999999999999,255000.0,20.0,35.0,5.0,70.0,8500.0,340000.0,728.9998842592593,0.4979429214845611
789000.0,100000.0,1.0,30000.0,0.5,38.43999999999999,250000.0,20.0,65.0,5.0,70.0,8500.0,340000.0,698.0263888888888,0.5000216534580573
789000.0,100000.0,1.0,30000.0,0.5,38.43999999999999,250000.0,20.0,62.5,5.0,70.0,8500.0,340000.0,658.1234375,0.5000216534580573
789000.0,100000.0,1.0,30000.0,0.5,38.43999999999999,250000.0,20.0,57.5,5.0,70.0,8500.0,340000.0,566.4819733796296,0.5000216534580573
789000.0,100000.0,1.0,30000.0,0.5,38.43999999999999,250000.0,20.0,55.0,5.0,70.0,8500.0,340000.0,550.2434027777778,0.5000216534580573
789000.0,100000.0,1.0,30000.0,0.5,38.43999999999999,250000.0,20.0,52.5,5.0,70.0,8500.0,340000.0,569.2155671296297,0.5000216534580573
789000.0,100000.0,1.0,30000.0,0.5,38.43999999999999,250000.0,20.0,47.5,5.0,70.0,8500.0,340000.0,585.2475983796296,0.5000216534580573
789000.0,100000.0,1.0,30000.0,0.5,38.43999999999999,250000.0,20.0,45.0,5.0,70.0,8500.0,340000.0,615.5024305555555,0.5000216534580573
789000.0,100000.0,1.0,30000.0,0.5,38.43999999999999,245000.0,20.0,90.0,5.0,70.0,8500.0,340000.0,728.9991898148148,0.4652895067342255
789000.0,100000.0,1.0,30000.0,0.5,38.43999999999999,245000.0,20.0,80.0,5.0,70.0,8500.0,340000.0,728.999537037037,0.47919102680698106
789000.0,100000.0,1.0,30000.0,0.5,38.43999999999999,245000.0,20.0,70.0,5.0,70.0,8500.0,340000.0,728.9997106481482,0.4897579143389199
789000.0,100000.0,1.0,30000.0,0.5,38.43999999999999,245000.0,20.0,60.0,5.0,70.0,8500.0,340000.0,728.9996527777778,0.49837599064570615
789000.0,100000.0,1.0,30000.0,0.5,38.43999999999999,245000.0,20.0,57.5,5.0,70.0,8500.0,340000.0,716.1437210648148,0.5000216534580573
789000.0,100000.0,1.0,30000.0,0.5,38.43999999999999,245000.0,20.0,55.0,5.0,70.0,8500.0,340000.0,694.7788194444445,0.5000216534580573
789000.0,100000.0,1.0,30000.0,0.5,38.43999999999999,245000.0,20.0,52.5,5.0,70.0,8500.0,340000.0,700.8228298611111,0.5000216534580573
789000.0,100000.0,1.0,30000.0,0.5,38.43999999999999,245000.0,20.0,50.0,5.0,70.0,8500.0,340000.0,689.9320023148148,0.5000216534580573
789000.0,100000.0,1.0,30000.0,0.5,38.43999999999999,245000.0,20.0,47.5,5.0,70.0,8500.0,340000.0,699.9515914351852,0.5000216534580573
789000.0,100000.0,1.0,30000.0,0.5,38.43999999999999,245000.0,20.0,45.0,5.0,70.0,8500.0,340000.0,715.3796296296297,0.5000216534580573
789000.0,100000.0,1.0,30000.0,0.5,38.43999999999999,245000.0,20.0,40.0,5.0,70.0,8500.0,340000.0,728.9997106481482,0.4957342687627214
789000.0,100000.0,1.0,30000.0,0.5,38.43999999999999,245000.0,20.0,30.0,5.0,70.0,8500.0,340000.0,728.9997685185185,0.4707461781646529
789000.0,100000.0,1.0,30000.0,0.5,38.43999999999999,245000.0,20.0,25.0,5.0,70.0,8500.0,340000.0,728.9997685185185,0.44432895933480576
789000.0,100000.0,1.0,30000.0,0.5,38.43999999999999,275000.0,20.0,75.0,5.0,70.0,8500.0,340000.0,100.85960648148148,0.5000216534580573
789000.0,100000.0,1.0,30000.0,0.5,38.43999999999999,275000.0,20.0,72.5,5.0,70.0,8500.0,340000.0,91.77994791666667,0.5000216534580573
789000.0,100000.0,1.0,30000.0,0.5,38.43999999999999,275000.0,20.0,45.0,5.0,70.0,8500.0,340000.0,80.12546296296296,0.5000216534580573
789000.0,100000.0,1.0,30000.0,0.5,38.43999999999999,275000.0,20.0,42.5,5.0,70.0,8500.0,340000.0,87.66464120370371,0.5000216534580573
789000.0,100000.0,1.0,30000.0,0.5,38.43999999999999,270000.0,20.0,75.0,5.0,70.0,8500.0,340000.0,135.42789351851852,0.5000216534580573
789000.0,100000.0,1.0,30000.0,0.5,38.43999999999999,270000.0,20.0,72.5,5.0,70.0,8500.0,340000.0,114.1412326388889,0.5000216534580573
789000.0,100000.0,1.0,30000.0,0.5,38.43999999999999,270000.0,20.0,67.5,5.0,70.0,8500.0,340000.0,91.5943576388889,0.5000216534580573
789000.0,100000.0,1.0,30000.0,0.5,38.43999999999999,270000.0,20.0,47.5,5.0,70.0,8500.0,340000.0,86.55876736111111,0.5000216534580573
789000.0,100000.0,1.0,30000.0,0.5,38.43999999999999,270000.0,20.0,45.0,5.0,70.0,8500.0,340000.0,90.27118055555556,0.5000216534580573
789000.0,100000.0,1.0,30000.0,0.5,38.43999999999999,270000.0,20.0,42.5,5.0,70.0,8500.0,340000.0,104.31325231481482,0.5000216534580573
789000.0,100000.0,1.0,30000.0,0.5,38.43999999999999,265000.0,20.0,67.5,5.0,70.0,8500.0,340000.0,113.50523726851851,0.5000216534580573
789000.0,100000.0,1.0,30000.0,0.5,38.43999999999999,265000.0,20.0,65.0,5.0,70.0,8500.0,340000.0,110.84710648148148,0.5000216534580573
789000.0,100000.0,1.0,30000.0,0.5,38.43999999999999,265000.0,20.0,62.5,5.0,70.0,8500.0,340000.0,99.39597800925925,0.5000216534580573
789000.0,100000.0,1.0,30000.0,0.5,38.43999999999999,265000.0,20.0,45.0,5.0,70.0,8500.0,340000.0,110.7087962962963,0.5000216534580573
789000.0,100000.0,1.0,30000.0,0.5,38.43999999999999,265000.0,20.0,42.5,5.0,70.0,8500.0,340000.0,143.29186921296295,0.5000216534580573
789000.0,100000.0,10.0,30000.0,0.5,38.43999999999999,300000.0,20.0,90.0,5.0,70.0,8500.0,340000.0,719.9996527777778,0.47291152397037806
789000.0,100000.0,10.0,30000.0,0.5,38.43999999999999,300000.0,20.0,55.0,5.0,70.0,8500.0,340000.0,401.4550925925926,0.5000216534580573
789000.0,100000.0,10.0,30000.0,0.5,38.43999999999999,300000.0,20.0,25.0,5.0,70.0,8500.0,340000.0,719.9996527777778,0.4719154648997445
789000.0,100000.0,10.0,30000.0,0.5,38.43999999999999,290000.0,20.0,90.0,5.0,70.0,8500.0,340000.0,719.9995949074074,0.46173833961283617
789000.0,100000.0,10.0,30000.0,0.5,38.43999999999999,290000.0,20.0,55.0,5.0,70.0,8500.0,340000.0,582.5377314814815,0.5000216534580573
789000.0,100000.0,10.0,30000.0,0.5,38.43999999999999,290000.0,20.0,25.0,5.0,70.0,8500.0,340000.0,719.9997685185185,0.46507297215365295
789000.0,100000.0,10.0,30000.0,0.5,38.43999999999999,280000.0,20.0,90.0,5.0,70.0,8500.0,340000.0,719.9990162037037,0.44896279935905764
789000.0,100000.0,10.0,30000.0,0.5,38.43999999999999,280000.0,20.0,55.0,5.0,70.0,8500.0,340000.0,718.2256944444445,0.5000216534580573
789000.0,100000.0,10.0,30000.0,0.5,38.43999999999999,280000.0,20.0,25.0,5.0,70.0,8500.0,340000.0,719.9998842592593,0.4547226192022866
789000.0,100000.0,10.0,30000.0,0.5,38.43999999999999,270000.0,20.0,90.0,5.0,70.0,8500.0,340000.0,719.9990740740741,0.4362305660213936
789000.0,100000.0,10.0,30000.0,0.5,38.43999999999999,270000.0,20.0,55.0,5.0,70.0,8500.0,340000.0,719.9998842592593,0.4873327270365077
789000.0,100000.0,10.0,30000.0,0.5,38.43999999999999,270000.0,20.0,25.0,5.0,70.0,8500.0,340000.0,719.9996527777778,0.44562816681824086
789000.0,100000.0,10.0,30000.0,0.5,38.43999999999999,260000.0,20.0,90.0,5.0,70.0,8500.0,340000.0,719.9991898148148,0.4231518773548136
789000.0,100000.0,10.0,30000.0,0.5,38.43999999999999,260000.0,20.0,55.0,5.0,70.0,8500.0,340000.0,719.9998842592593,0.47481702827941624
789000.0,100000.0,10.0,30000.0,0.5,38.43999999999999,300000.0,20.0,65.0,5.0,70.0,8500.0,340000.0,626.2277777777778,0.5000216534580573
789000.0,100000.0,10.0,30000.0,0.5,38.43999999999999,300000.0,20.0,45.0,5.0,70.0,8500.0,340000.0,218.77164351851852,0.5000216534580573
789000.0,100000.0,10.0,30000.0,0.5,38.43999999999999,290000.0,20.0,65.0,5.0,70.0,8500.0,340000.0,719.9994212962963,0.4991122082196527
789000.0,100000.0,10.0,30000.0,0.5,38.43999999999999,290000.0,20.0,45.0,5.0,70.0,8500.0,340000.0,510.6625,0.5000216534580573
789000.0,100000.0,10.0,30000.0,0.5,38.43999999999999,280000.0,20.0,60.0,5.0,70.0,8500.0,340000.0,719.9997106481482,0.4945216751115153
789000.0,100000.0,10.0,30000.0,0.5,38.43999999999999,300000.0,20.0,50.0,5.0,70.0,8500.0,340000.0,297.4949652777778,0.5000216534580573
789000.0,100000.0,10.0,30000.0,0.5,38.43999999999999,300000.0,20.0,47.5,5.0,70.0,8500.0,340000.0,226.34487847222223,0.5000216534580573
789000.0,100000.0,10.0,30000.0,0.5,38.43999999999999,300000.0,20.0,42.5,5.0,70.0,8500.0,340000.0,277.396412037037,0.5000216534580573
789000.0,100000.0,10.0,30000.0,0.5,38.43999999999999,300000.0,20.0,40.0,5.0,70.0,8500.0,340000.0,337.20457175925924,0.5000216534580573
789000.0,100000.0,10.0,30000.0,0.5,38.43999999999999,295000.0,20.0,90.0,5.0,70.0,8500.0,340000.0,719.9997685185185,0.46689186263046206
789000.0,100000.0,10.0,30000.0,0.5,38.43999999999999,295000.0,20.0,65.0,5.0,70.0,8500.0,340000.0,680.719212962963,0.5000216534580573
789000.0,100000.0,10.0,30000.0,0.5,38.43999999999999,295000.0,20.0,55.0,5.0,70.0,8500.0,340000.0,509.1497685185185,0.5000216534580573
789000.0,100000.0,10.0,30000.0,0.5,38.43999999999999,295000.0,20.0,50.0,5.0,70.0,8500.0,340000.0,485.06875,0.5000216534580573
789000.0,100000.0,10.0,30000.0,0.5,38.43999999999999,295000.0,20.0,47.5,5.0,70.0,8500.0,340000.0,449.94484953703704,0.5000216534580573
789000.0,100000.0,10.0,30000.0,0.5,38.43999999999999,295000.0,20.0,45.0,5.0,70.0,8500.0,340000.0,423.1212962962963,0.5000216534580573
789000.0,100000.0,10.0,30000.0,0.5,38.43999999999999,295000.0,20.0,42.5,5.0,70.0,8500.0,340000.0,453.521556712963,0.5000216534580573
789000.0,100000.0,10.0,30000.0,0.5,38.43999999999999,295000.0,20.0,40.0,5.0,70.0,8500.0,340000.0,464.74427083333336,0.5000216534580573
789000.0,100000.0,10.0,30000.0,0.5,38.43999999999999,295000.0,20.0,25.0,5.0,70.0,8500.0,340000.0,719.9998842592593,0.46910051535230174
789000.0,100000.0,10.0,30000.0,0.5,38.43999999999999,290000.0,20.0,50.0,5.0,70.0,8500.0,340000.0,568.5642361111111,0.5000216534580573
789000.0,100000.0,10.0,30000.0,0.5,38.43999999999999,290000.0,20.0,47.5,5.0,70.0,8500.0,340000.0,530.395630787037,0.5000216534580573
789000.0,100000.0,10.0,30000.0,0.5,38.43999999999999,290000.0,20.0,42.5,5.0,70.0,8500.0,340000.0,532.6265625,0.5000216534580573
789000.0,100000.0,10.0,30000.0,0.5,38.43999999999999,290000.0,20.0,40.0,5.0,70.0,8500.0,340000.0,524.5750578703704,0.5000216534580573
789000.0,100000.0,10.0,30000.0,0.5,38.43999999999999,280000.0,20.0,50.0,5.0,70.0,8500.0,340000.0,704.360474537037,0.5000216534580573
789000.0,100000.0,10.0,30000.0,0.5,38.43999999999999,260000.0,20.0,25.0,5.0,70.0,8500.0,340000.0,719.9997685185185,0.43636048676973715
789000.0,100000.0,10.0,30000.0,0.5,38.43999999999999,200000.0,20.0,90.0,5.0,70.0,8500.0,340000.0,719.9997685185185,0.3367112727902646
789000.0,100000.0,10.0,30000.0,0.5,38.43999999999999,200000.0,20.0,25.0,5.0,70.0,8500.0,340000.0,719.9997685185185,0.36590013425143997
789000.0,100000.0,10.0,30000.0,0.5,38.43999999999999,300000.0,20.0,60.0,5.0,70.0,8500.0,340000.0,505.6873263888889,0.5000216534580573
789000.0,100000.0,10.0,30000.0,0.5,38.43999999999999,300000.0,20.0,57.5,5.0,70.0,8500.0,340000.0,410.3220486111111,0.5000216534580573
789000.0,100000.0,10.0,30000.0,0.5,38.43999999999999,300000.0,20.0,52.5,5.0,70.0,8500.0,340000.0,329.70844907407405,0.5000216534580573
789000.0,100000.0,10.0,30000.0,0.5,38.43999999999999,300000.0,20.0,37.5,5.0,70.0,8500.0,340000.0,479.16689814814816,0.5000216534580573
789000.0,100000.0,10.0,30000.0,0.5,38.43999999999999,300000.0,20.0,35.0,5.0,70.0,8500.0,340000.0,573.4356481481482,0.5000216534580573
789000.0,100000.0,10.0,30000.0,0.5,38.43999999999999,300000.0,20.0,32.5,5.0,70.0,8500.0,340000.0,644.9169560185185,0.5000216534580573
789000.0,100000.0,10.0,30000.0,0.5,38.43999999999999,295000.0,20.0,60.0,5.0,70.0,8500.0,340000.0,604.2693287037036,0.5000216534580573
789000.0,100000.0,10.0,30000.0,0.5,38.43999999999999,295000.0,20.0,57.5,5.0,70.0,8500.0,340000.0,531.0708912037037,0.5000216534580573
789000.0,100000.0,10.0,30000.0,0.5,38.43999999999999,295000.0,20.0,52.5,5.0,70.0,8500.0,340000.0,485.1993923611111,0.5000216534580573
789000.0,100000.0,10.0,30000.0,0.5,38.43999999999999,295000.0,20.0,37.5,5.0,70.0,8500.0,340000.0,536.9783275462963,0.5000216534580573
789000.0,100000.0,10.0,30000.0,0.5,38.43999999999999,295000.0,20.0,35.0,5.0,70.0,8500.0,340000.0,614.500462962963,0.5000216534580573
789000.0,100000.0,10.0,30000.0,0.5,38.43999999999999,295000.0,20.0,32.5,5.0,70.0,8500.0,340000.0,686.9151331018519,0.5000216534580573
789000.0,100000.0,10.0,30000.0,0.5,38.43999999999999,290000.0,20.0,60.0,5.0,70.0,8500.0,340000.0,657.493287037037,0.5000216534580573
789000.0,100000.0,10.0,30000.0,0.5,38.43999999999999,290000.0,20.0,57.5,5.0,70.0,8500.0,340000.0,629.1807002314815,0.5000216534580573
789000.0,100000.0,10.0,30000.0,0.5,38.43999999999999,290000.0,20.0,52.5,5.0,70.0,8500.0,340000.0,562.5869212962963,0.5000216534580573
789000.0,100000.0,10.0,30000.0,0.5,38.43999999999999,290000.0,20.0,37.5,5.0,70.0,8500.0,340000.0,583.7373842592592,0.5000216534580573
789000.0,100000.0,10.0,30000.0,0.5,38.43999999999999,290000.0,20.0,35.0,5.0,70.0,8500.0,340000.0,658.3738425925926,0.5000216534580573
789000.0,100000.0,10.0,30000.0,0.5,38.43999999999999,290000.0,20.0,32.5,5.0,70.0,8500.0,340000.0,719.9997106481482,0.49876575289073666
789000.0,100000.0,10.0,30000.0,0.5,38.43999999999999,285000.0,20.0,90.0,5.0,70.0,8500.0,340000.0,719.9994791666667,0.45563206444069115
789000.0,100000.0,10.0,30000.0,0.5,38.43999999999999,285000.0,20.0,65.0,5.0,70.0,8500.0,340000.0,719.9994212962963,0.4929626261313932
789000.0,100000.0,10.0,30000.0,0.5,38.43999999999999,285000.0,20.0,60.0,5.0,70.0,8500.0,340000.0,709.9758101851852,0.5000216534580573
789000.0,100000.0,10.0,30000.0,0.5,38.43999999999999,285000.0,20.0,57.5,5.0,70.0,8500.0,340000.0,678.4428819444445,0.5000216534580573
789000.0,100000.0,10.0,30000.0,0.5,38.43999999999999,285000.0,20.0,55.0,5.0,70.0,8500.0,340000.0,654.9462962962963,0.5000216534580573
789000.0,100000.0,10.0,30000.0,0.5,38.43999999999999,285000.0,20.0,52.5,5.0,70.0,8500.0,340000.0,647.8268518518519,0.5000216534580573
789000.0,100000.0,10.0,30000.0,0.5,38.43999999999999,285000.0,20.0,50.0,5.0,70.0,8500.0,340000.0,640.3281828703704,0.5000216534580573
789000.0,100000.0,10.0,30000.0,0.5,38.43999999999999,285000.0,20.0,47.5,5.0,70.0,8500.0,340000.0,632.1330150462964,0.5000216534580573
789000.0,100000.0,10.0,30000.0,0.5,38.43999999999999,285000.0,20.0,45.0,5.0,70.0,8500.0,340000.0,595.2099537037037,0.5000216534580573
789000.0,100000.0,10.0,30000.0,0.5,38.43999999999999,285000.0,20.0,42.5,5.0,70.0,8500.0,340000.0,591.0033275462963,0.5000216534580573
789000.0,100000.0,10.0,30000.0,0.5,38.43999999999999,285000.0,20.0,40.0,5.0,70.0,8500.0,340000.0,609.4249421296296,0.5000216534580573
789000.0,100000.0,10.0,30000.0,0.5,38.43999999999999,285000.0,20.0,37.5,5.0,70.0,8500.0,340000.0,650.8277488425925,0.5000216534580573
789000.0,100000.0,10.0,30000.0,0.5,38.43999999999999,285000.0,20.0,35.0,5.0,70.0,8500.0,340000.0,719.9996527777778,0.49997834654194273
789000.0,100000.0,10.0,30000.0,0.5,38.43999999999999,285000.0,20.0,32.5,5.0,70.0,8500.0,340000.0,719.9996527777778,0.4933523883764237
789000.0,100000.0,10.0,30000.0,0.5,38.43999999999999,285000.0,20.0,25.0,5.0,70.0,8500.0,340000.0,719.9997685185185,0.459919449136027
789000.0,100000.0,10.0,30000.0,0.5,38.43999999999999,300000.0,20.0,62.5,5.0,70.0,8500.0,340000.0,558.715943287037,0.5000216534580573
789000.0,100000.0,10.0,30000.0,0.5,38.43999999999999,295000.0,20.0,62.5,5.0,70.0,8500.0,340000.0,638.38046875,0.5000216534580573
789000.0,100000.0,10.0,30000.0,0.5,38.43999999999999,280000.0,20.0,47.5,5.0,70.0,8500.0,340000.0,680.4565104166667,0.5000216534580573
789000.0,100000.0,10.0,30000.0,0.5,38.43999999999999,280000.0,20.0,45.0,5.0,70.0,8500.0,340000.0,663.305787037037,0.5000216534580573
789000.0,100000.0,10.0,30000.0,0.5,38.43999999999999,280000.0,20.0,42.5,5.0,70.0,8500.0,340000.0,658.6121238425926,0.5000216534580573
789000.0,100000.0,7.0,30000.0,0.5,38.43999999999999,300000.0,20.0,90.0,5.0,70.0,8500.0,340000.0,722.9992476851852,0.4931358537958512
789000.0,100000.0,7.0,30000.0,0.5,38.43999999999999,300000.0,20.0,80.0,5.0,70.0,8500.0,340000.0,550.205787037037,0.5000216534580573
789000.0,100000.0,7.0,30000.0,0.5,38.43999999999999,300000.0,20.0,70.0,5.0,70.0,8500.0,340000.0,115.35833333333333,0.5000216534580573
789000.0,100000.0,7.0,30000.0,0.5,38.43999999999999,300000.0,20.0,60.0,5.0,70.0,8500.0,340000.0,88.17048611111112,0.5000216534580573
789000.0,100000.0,7.0,30000.0,0.5,38.43999999999999,300000.0,20.0,50.0,5.0,70.0,8500.0,340000.0,82.21278935185185,0.5000216534580573
789000.0,100000.0,7.0,30000.0,0.5,38.43999999999999,300000.0,20.0,40.0,5.0,70.0,8500.0,340000.0,94.59346064814815,0.5000216534580573
789000.0,100000.0,7.0,30000.0,0.5,38.43999999999999,300000.0,20.0,25.0,5.0,70.0,8500.0,340000.0,722.9996527777778,0.48131306569659177
789000.0,100000.0,7.0,30000.0,0.5,38.43999999999999,290000.0,20.0,90.0,5.0,70.0,8500.0,340000.0,722.9989583333333,0.48356502533454593
789000.0,100000.0,7.0,30000.0,0.5,38.43999999999999,290000.0,20.0,80.0,5.0,70.0,8500.0,340000.0,719.4047453703704,0.5000216534580573
789000.0,100000.0,7.0,30000.0,0.5,38.43999999999999,290000.0,20.0,70.0,5.0,70.0,8500.0,340000.0,384.3888888888889,0.5000216534580573
789000.0,100000.0,7.0,30000.0,0.5,38.43999999999999,290000.0,20.0,60.0,5.0,70.0,8500.0,340000.0,119.25856481481482,0.5000216534580573
789000.0,100000.0,7.0,30000.0,0.5,38.43999999999999,290000.0,20.0,50.0,5.0,70.0,8500.0,340000.0,106.2447337962963,0.5000216534580573
789000.0,100000.0,7.0,30000.0,0.5,38.43999999999999,290000.0,20.0,40.0,5.0,70.0,8500.0,340000.0,133.52824074074073,0.5000216534580573
789000.0,100000.0,7.0,30000.0,0.5,38.43999999999999,290000.0,20.0,25.0,5.0,70.0,8500.0,340000.0,722.9996527777778,0.47429734528604217
789000.0,100000.0,7.0,30000.0,0.5,38.43999999999999,280000.0,20.0,90.0,5.0,70.0,8500.0,340000.0,722.999537037037,0.4720020787319735
789000.0,100000.0,7.0,30000.0,0.5,38.43999999999999,280000.0,20.0,80.0,5.0,70.0,8500.0,340000.0,722.9994212962963,0.4879823307782253
789000.0,100000.0,7.0,30000.0,0.5,38.43999999999999,280000.0,20.0,70.0,5.0,70.0,8500.0,340000.0,664.1635416666667,0.5000216534580573
789000.0,100000.0,7.0,30000.0,0.5,38.43999999999999,280000.0,20.0,60.0,5.0,70.0,8500.0,340000.0,443.31458333333336,0.5000216534580573
789000.0,100000.0,7.0,30000.0,0.5,38.43999999999999,280000.0,20.0,50.0,5.0,70.0,8500.0,340000.0,182.88472222222222,0.5000216534580573
789000.0,100000.0,7.0,30000.0,0.5,38.43999999999999,280000.0,20.0,40.0,5.0,70.0,8500.0,340000.0,418.23929398148147,0.5000216534580573
789000.0,100000.0,7.0,30000.0,0.5,38.43999999999999,280000.0,20.0,25.0,5.0,70.0,8500.0,340000.0,722.9997685185185,0.46550604131479795
789000.0,100000.0,7.0,30000.0,0.5,38.43999999999999,270000.0,20.0,90.0,5.0,70.0,8500.0,340000.0,722.9990162037037,0.45905331081373696
789000.0,100000.0,7.0,30000.0,0.5,38.43999999999999,270000.0,20.0,80.0,5.0,70.0,8500.0,340000.0,722.9993634259259,0.47503356285998877
789000.0,100000.0,7.0,30000.0,0.5,38.43999999999999,270000.0,20.0,70.0,5.0,70.0,8500.0,340000.0,722.9998842592593,0.49097050799012604
789000.0,100000.0,7.0,30000.0,0.5,38.43999999999999,270000.0,20.0,60.0,5.0,70.0,8500.0,340000.0,699.7815972222222,0.5000216534580573
789000.0,100000.0,7.0,30000.0,0.5,38.43999999999999,270000.0,20.0,50.0,5.0,70.0,8500.0,340000.0,612.6063078703704,0.5000216534580573
789000.0,100000.0,7.0,30000.0,0.5,38.43999999999999,270000.0,20.0,40.0,5.0,70.0,8500.0,340000.0,641.2418981481482,0.5000216534580573
789000.0,100000.0,7.0,30000.0,0.5,38.43999999999999,270000.0,20.0,25.0,5.0,70.0,8500.0,340000.0,722.9996527777778,0.4559785197696072
789000.0,100000.0,7.0,30000.0,0.5,38.43999999999999,200000.0,20.0,90.0,5.0,70.0,8500.0,340000.0,722.9997106481482,0.35840803776363084
789000.0,100000.0,7.0,30000.0,0.5,38.43999999999999,200000.0,20.0,25.0,5.0,70.0,8500.0,340000.0,722.9997685185185,0.37469143822268414
